[Sat Oct  3 18:37:43] PHENOTYPE_CLIENT_ENTER Aluvian Darkstar
[Sat Oct  3 18:37:43] PHENOTYPE_SKIN_PALETTE actor=stock human male fit index=3
[Sat Oct  3 18:37:43] PHENOTYPE_BARE_PARTS stock human male fit belt=0 rightShoulder=0 leftShoulder=0
[Sat Oct  3 18:37:43] PHENOTYPE_READY stock human male fit creatureSize=3
[Sat Oct  3 18:37:44] PHENOTYPE_SKIN_PALETTE actor=human male fit full armor index=3
[Sat Oct  3 18:37:44] PHENOTYPE_BARE_PARTS human male fit full armor belt=0 rightShoulder=0 leftShoulder=0
[Sat Oct  3 18:37:44] PHENOTYPE_EQUIPMENT_CREATE human male fit full armor valid=1
[Sat Oct  3 18:37:44] PHENOTYPE_READY human male fit full armor creatureSize=3
[Sat Oct  3 18:37:44] PHENOTYPE_SKIN_PALETTE actor=human male fit index=3
[Sat Oct  3 18:37:44] PHENOTYPE_BARE_PARTS human male fit belt=0 rightShoulder=0 leftShoulder=0
[Sat Oct  3 18:37:44] PHENOTYPE_READY human male fit creatureSize=3
[Sat Oct  3 18:37:52] PHENOTYPE_HAND_WORN actor=human male fit slot=4 item=sr_pt_sword
[Sat Oct  3 18:37:52] PHENOTYPE_HAND_WORN actor=human male fit slot=5 item=sr_pt_shield
[Sat Oct  3 18:37:52] PHENOTYPE_HAND_WORN actor=stock human male fit slot=4 item=sr_pt_sword
[Sat Oct  3 18:37:52] PHENOTYPE_HAND_WORN actor=stock human male fit slot=5 item=sr_pt_shield
[Sat Oct  3 18:37:52] PHENOTYPE_HAND_WORN actor=human male fit full armor slot=4 item=sr_pt_sword
[Sat Oct  3 18:37:52] PHENOTYPE_HAND_WORN actor=human male fit full armor slot=5 item=sr_pt_shield
[Sat Oct  3 18:37:52] PHENOTYPE_EQUIPMENT_WORN human male fit full armor item=sr_pt_full
[Sat Oct  3 18:37:53] PHENOTYPE_CAMERA_SET
[Sat Oct  3 18:38:25] PHENOTYPE_MOTION stock human male fit step=5 enabled=1
[Sat Oct  3 18:38:26] PHENOTYPE_MOTION human male fit step=5 enabled=1
[Sat Oct  3 18:38:26] PHENOTYPE_MOTION human male fit full armor step=5 enabled=1
[Sat Oct  3 18:38:32] PHENOTYPE_MOTION stock human male fit step=6 enabled=1
[Sat Oct  3 18:38:32] PHENOTYPE_MOTION human male fit step=6 enabled=1
[Sat Oct  3 18:38:33] PHENOTYPE_MOTION human male fit full armor step=6 enabled=1
[Sat Oct  3 18:38:38] PHENOTYPE_MOTION stock human male fit step=7 enabled=1
[Sat Oct  3 18:38:38] PHENOTYPE_MOTION human male fit step=7 enabled=1
[Sat Oct  3 18:38:39] PHENOTYPE_MOTION human male fit full armor step=7 enabled=1
[Sat Oct  3 18:38:44] PHENOTYPE_MOTION human male fit step=8 enabled=1
[Sat Oct  3 18:38:44] PHENOTYPE_MOTION stock human male fit step=8 enabled=1
[Sat Oct  3 18:38:46] PHENOTYPE_MOTION human male fit full armor step=8 enabled=1
[Sat Oct  3 18:38:51] PHENOTYPE_MOTION human male fit step=9 enabled=1
[Sat Oct  3 18:38:51] PHENOTYPE_MOTION stock human male fit step=9 enabled=1
[Sat Oct  3 18:38:52] PHENOTYPE_MOTION human male fit full armor step=9 enabled=1
[Sat Oct  3 18:38:57] PHENOTYPE_MOTION human male fit step=10 enabled=1
[Sat Oct  3 18:38:58] PHENOTYPE_MOTION stock human male fit step=10 enabled=1
[Sat Oct  3 18:38:59] PHENOTYPE_MOTION human male fit full armor step=10 enabled=1
[Sat Oct  3 18:39:03] PHENOTYPE_MOTION human male fit step=11 enabled=1
[Sat Oct  3 18:39:05] PHENOTYPE_MOTION stock human male fit step=11 enabled=1
[Sat Oct  3 18:39:05] PHENOTYPE_MOTION human male fit full armor step=11 enabled=1
[Sat Oct  3 18:39:10] PHENOTYPE_MOTION human male fit step=12 enabled=1
[Sat Oct  3 18:39:11] PHENOTYPE_MOTION stock human male fit step=12 enabled=1
[Sat Oct  3 18:39:11] PHENOTYPE_MOTION human male fit full armor step=12 enabled=1
[Sat Oct  3 18:39:17] PHENOTYPE_MOTION human male fit step=13 enabled=1
[Sat Oct  3 18:39:18] PHENOTYPE_MOTION human male fit full armor step=13 enabled=1
[Sat Oct  3 18:39:18] PHENOTYPE_MOTION stock human male fit step=13 enabled=1
[Sat Oct  3 18:39:23] PHENOTYPE_MOTION human male fit step=14 enabled=1
[Sat Oct  3 18:39:25] PHENOTYPE_MOTION human male fit full armor step=14 enabled=1
[Sat Oct  3 18:39:25] PHENOTYPE_MOTION stock human male fit step=14 enabled=1
[Sat Oct  3 18:39:29] PHENOTYPE_MOTION human male fit step=15 enabled=1
[Sat Oct  3 18:39:31] PHENOTYPE_MOTION stock human male fit step=15 enabled=1
[Sat Oct  3 18:39:31] PHENOTYPE_MOTION human male fit full armor step=15 enabled=1
[Sat Oct  3 18:39:36] PHENOTYPE_MOTION human male fit step=16 enabled=1
[Sat Oct  3 18:39:37] PHENOTYPE_MOTION human male fit full armor step=16 enabled=1
[Sat Oct  3 18:39:38] PHENOTYPE_MOTION stock human male fit step=16 enabled=1
[Sat Oct  3 18:39:42] PHENOTYPE_MOTION human male fit step=17 enabled=1
[Sat Oct  3 18:39:44] PHENOTYPE_MOTION human male fit full armor step=17 enabled=1
[Sat Oct  3 18:39:45] PHENOTYPE_MOTION stock human male fit step=17 enabled=1
[Sat Oct  3 18:39:48] PHENOTYPE_MOTION human male fit step=18 enabled=1
[Sat Oct  3 18:39:51] PHENOTYPE_MOTION human male fit full armor step=18 enabled=1
[Sat Oct  3 18:39:52] PHENOTYPE_MOTION stock human male fit step=18 enabled=1
[Sat Oct  3 18:39:55] PHENOTYPE_MOTION human male fit step=19 enabled=1
[Sat Oct  3 18:39:57] PHENOTYPE_MOTION human male fit full armor step=19 enabled=1
[Sat Oct  3 18:39:58] PHENOTYPE_MOTION stock human male fit step=19 enabled=1
[Sat Oct  3 18:40:01] PHENOTYPE_MOTION human male fit step=20 enabled=1
[Sat Oct  3 18:40:03] PHENOTYPE_MOTION human male fit full armor step=20 enabled=1
[Sat Oct  3 18:40:05] PHENOTYPE_MOTION stock human male fit step=20 enabled=1
[Sat Oct  3 18:40:08] PHENOTYPE_MOTION human male fit step=21 enabled=1
[Sat Oct  3 18:40:10] PHENOTYPE_MOTION human male fit full armor step=21 enabled=1
[Sat Oct  3 18:40:11] PHENOTYPE_MOTION stock human male fit step=21 enabled=1
[Sat Oct  3 18:40:14] PHENOTYPE_MOTION human male fit step=22 enabled=1
[Sat Oct  3 18:40:14] PHENOTYPE_GAMEPLAY_ATTACK human male fit targetValid=1 enemy=1 distance=       2.000000000
[Sat Oct  3 18:40:14] PHENOTYPE_SKIN_PALETTE actor=Fixture target index=3
[Sat Oct  3 18:40:14] PHENOTYPE_GAMEPLAY_TARGET appearance=15100 hp=301
[Sat Oct  3 18:40:17] PHENOTYPE_MOTION human male fit full armor step=22 enabled=1
[Sat Oct  3 18:40:17] PHENOTYPE_GAMEPLAY_ATTACK human male fit full armor targetValid=1 enemy=1 distance=       2.000000000
[Sat Oct  3 18:40:17] PHENOTYPE_SKIN_PALETTE actor=Fixture target index=3
[Sat Oct  3 18:40:17] PHENOTYPE_GAMEPLAY_TARGET appearance=15100 hp=301
[Sat Oct  3 18:40:17] PHENOTYPE_GAMEPLAY_HIT actor=human male fit damage=8 targetHP=293
[Sat Oct  3 18:40:17] PHENOTYPE_MOTION stock human male fit step=22 enabled=1
[Sat Oct  3 18:40:17] PHENOTYPE_GAMEPLAY_ATTACK stock human male fit targetValid=1 enemy=1 distance=       2.000000000
[Sat Oct  3 18:40:17] PHENOTYPE_SKIN_PALETTE actor=Fixture target index=3
[Sat Oct  3 18:40:17] PHENOTYPE_GAMEPLAY_TARGET appearance=15100 hp=301
[Sat Oct  3 18:40:18] PHENOTYPE_GAMEPLAY_HIT actor=human male fit full armor damage=8 targetHP=293
[Sat Oct  3 18:40:18] PHENOTYPE_GAMEPLAY_HIT actor=stock human male fit damage=5 targetHP=296
[Sat Oct  3 18:40:20] PHENOTYPE_GAMEPLAY_HIT actor=human male fit full armor damage=7 targetHP=286
[Sat Oct  3 18:40:20] PHENOTYPE_GAMEPLAY_HIT actor=human male fit damage=8 targetHP=285
[Sat Oct  3 18:40:20] PHENOTYPE_GAMEPLAY_HIT actor=stock human male fit damage=8 targetHP=288
[Sat Oct  3 18:40:20] PHENOTYPE_MOTION human male fit step=23 enabled=1
[Sat Oct  3 18:40:20] PHENOTYPE_GAMEPLAY_STATE actor=human male fit step=23 action=3 targetValid=1 targetHP=285 distance=       2.000000000
[Sat Oct  3 18:40:22] PHENOTYPE_GAMEPLAY_HIT actor=human male fit damage=6 targetHP=279
[Sat Oct  3 18:40:23] PHENOTYPE_MOTION human male fit full armor step=23 enabled=1
[Sat Oct  3 18:40:23] PHENOTYPE_GAMEPLAY_STATE actor=human male fit full armor step=23 action=3 targetValid=1 targetHP=286 distance=       2.000000238
[Sat Oct  3 18:40:23] PHENOTYPE_GAMEPLAY_HIT actor=human male fit full armor damage=5 targetHP=281
[Sat Oct  3 18:40:24] PHENOTYPE_GAMEPLAY_HIT actor=stock human male fit damage=3 targetHP=285
[Sat Oct  3 18:40:24] PHENOTYPE_MOTION stock human male fit step=23 enabled=1
[Sat Oct  3 18:40:24] PHENOTYPE_GAMEPLAY_STATE actor=stock human male fit step=23 action=3 targetValid=1 targetHP=285 distance=       2.000000000
[Sat Oct  3 18:40:25] PHENOTYPE_GAMEPLAY_HIT actor=human male fit full armor damage=6 targetHP=275
[Sat Oct  3 18:40:26] PHENOTYPE_GAMEPLAY_HIT actor=stock human male fit damage=4 targetHP=281
[Sat Oct  3 18:40:26] PHENOTYPE_GAMEPLAY_HIT actor=human male fit damage=3 targetHP=276
[Sat Oct  3 18:40:27] PHENOTYPE_MOTION human male fit step=24 enabled=1
[Sat Oct  3 18:40:27] PHENOTYPE_GAMEPLAY_CAST_REQUEST actor=human male fit wizardLevel=5 armorFailure=5
[Sat Oct  3 18:40:29] PHENOTYPE_GAMEPLAY_HIT actor=stock human male fit damage=1 targetHP=280
[Sat Oct  3 18:40:29] PHENOTYPE_MOTION human male fit full armor step=24 enabled=1
[Sat Oct  3 18:40:29] PHENOTYPE_GAMEPLAY_CAST_REQUEST actor=human male fit full armor wizardLevel=5 armorFailure=15
[Sat Oct  3 18:40:31] PHENOTYPE_MOTION stock human male fit step=24 enabled=1
[Sat Oct  3 18:40:31] PHENOTYPE_GAMEPLAY_CAST_REQUEST actor=stock human male fit wizardLevel=5 armorFailure=5
[Sat Oct  3 18:40:31] PHENOTYPE_GAMEPLAY_SPELL actor=human male fit spell=107
[Sat Oct  3 18:40:32] PHENOTYPE_GAMEPLAY_HIT actor=human male fit damage=4 targetHP=272
[Sat Oct  3 18:40:32] PHENOTYPE_GAMEPLAY_HIT actor=human male fit damage=4 targetHP=268
[Sat Oct  3 18:40:32] PHENOTYPE_GAMEPLAY_HIT actor=human male fit damage=5 targetHP=263
[Sat Oct  3 18:40:32] PHENOTYPE_GAMEPLAY_HIT actor=human male fit damage=4 targetHP=259
[Sat Oct  3 18:40:32] PHENOTYPE_GAMEPLAY_HIT actor=human male fit damage=3 targetHP=256
[Sat Oct  3 18:40:33] PHENOTYPE_MOTION human male fit step=25 enabled=1
[Sat Oct  3 18:40:33] PHENOTYPE_GAMEPLAY_STATE actor=human male fit step=25 action=4 targetValid=1 targetHP=256 distance=       2.000000000
[Sat Oct  3 18:40:34] PHENOTYPE_GAMEPLAY_SPELL actor=human male fit full armor spell=107
[Sat Oct  3 18:40:35] PHENOTYPE_GAMEPLAY_SPELL actor=stock human male fit spell=107
[Sat Oct  3 18:40:35] PHENOTYPE_GAMEPLAY_HIT actor=human male fit full armor damage=4 targetHP=271
[Sat Oct  3 18:40:35] PHENOTYPE_GAMEPLAY_HIT actor=human male fit full armor damage=2 targetHP=269
[Sat Oct  3 18:40:35] PHENOTYPE_GAMEPLAY_HIT actor=human male fit full armor damage=5 targetHP=264
[Sat Oct  3 18:40:35] PHENOTYPE_GAMEPLAY_HIT actor=human male fit full armor damage=5 targetHP=259
[Sat Oct  3 18:40:35] PHENOTYPE_GAMEPLAY_HIT actor=stock human male fit damage=2 targetHP=278
[Sat Oct  3 18:40:35] PHENOTYPE_GAMEPLAY_HIT actor=human male fit full armor damage=3 targetHP=256
[Sat Oct  3 18:40:35] PHENOTYPE_GAMEPLAY_HIT actor=stock human male fit damage=2 targetHP=276
[Sat Oct  3 18:40:35] PHENOTYPE_MOTION human male fit full armor step=25 enabled=1
[Sat Oct  3 18:40:35] PHENOTYPE_GAMEPLAY_STATE actor=human male fit full armor step=25 action=36 targetValid=1 targetHP=256 distance=       2.000000238
[Sat Oct  3 18:40:35] PHENOTYPE_GAMEPLAY_HIT actor=stock human male fit damage=4 targetHP=272
[Sat Oct  3 18:40:36] PHENOTYPE_GAMEPLAY_HIT actor=stock human male fit damage=5 targetHP=267
[Sat Oct  3 18:40:36] PHENOTYPE_GAMEPLAY_HIT actor=stock human male fit damage=4 targetHP=263
[Sat Oct  3 18:40:37] PHENOTYPE_MOTION stock human male fit step=25 enabled=1
[Sat Oct  3 18:40:37] PHENOTYPE_GAMEPLAY_STATE actor=stock human male fit step=25 action=4 targetValid=1 targetHP=263 distance=       2.000000000
[Sat Oct  3 18:40:37] PHENOTYPE_GAMEPLAY_SPELL actor=human male fit spell=107
[Sat Oct  3 18:40:38] PHENOTYPE_GAMEPLAY_HIT actor=human male fit damage=4 targetHP=252
[Sat Oct  3 18:40:38] PHENOTYPE_GAMEPLAY_HIT actor=human male fit damage=2 targetHP=250
[Sat Oct  3 18:40:38] PHENOTYPE_GAMEPLAY_HIT actor=human male fit damage=4 targetHP=246
[Sat Oct  3 18:40:38] PHENOTYPE_GAMEPLAY_HIT actor=human male fit damage=3 targetHP=243
[Sat Oct  3 18:40:38] PHENOTYPE_GAMEPLAY_HIT actor=human male fit damage=3 targetHP=240
[Sat Oct  3 18:40:40] PHENOTYPE_MOTION human male fit step=26 enabled=1
[Sat Oct  3 18:40:40] PHENOTYPE_GAMEPLAY_DAMAGE actor=human male fit damage=3 hp=107
[Sat Oct  3 18:40:40] PHENOTYPE_GAMEPLAY_SPELL actor=human male fit full armor spell=107
[Sat Oct  3 18:40:41] PHENOTYPE_GAMEPLAY_SPELL actor=stock human male fit spell=107
[Sat Oct  3 18:40:41] PHENOTYPE_GAMEPLAY_HIT actor=human male fit full armor damage=4 targetHP=252
[Sat Oct  3 18:40:41] PHENOTYPE_GAMEPLAY_HIT actor=human male fit full armor damage=4 targetHP=248
[Sat Oct  3 18:40:41] PHENOTYPE_GAMEPLAY_HIT actor=human male fit full armor damage=2 targetHP=246
[Sat Oct  3 18:40:41] PHENOTYPE_GAMEPLAY_HIT actor=human male fit full armor damage=3 targetHP=243
[Sat Oct  3 18:40:41] PHENOTYPE_GAMEPLAY_HIT actor=human male fit full armor damage=3 targetHP=240
[Sat Oct  3 18:40:41] PHENOTYPE_GAMEPLAY_HIT actor=stock human male fit damage=2 targetHP=261
[Sat Oct  3 18:40:41] PHENOTYPE_GAMEPLAY_HIT actor=stock human male fit damage=4 targetHP=257
[Sat Oct  3 18:40:42] PHENOTYPE_GAMEPLAY_HIT actor=stock human male fit damage=3 targetHP=254
[Sat Oct  3 18:40:42] PHENOTYPE_GAMEPLAY_HIT actor=stock human male fit damage=3 targetHP=251
[Sat Oct  3 18:40:42] PHENOTYPE_GAMEPLAY_HIT actor=stock human male fit damage=5 targetHP=246
[Sat Oct  3 18:40:42] PHENOTYPE_MOTION human male fit full armor step=26 enabled=1
[Sat Oct  3 18:40:42] PHENOTYPE_GAMEPLAY_DAMAGE actor=human male fit full armor damage=3 hp=107
[Sat Oct  3 18:40:43] PHENOTYPE_MOTION stock human male fit step=26 enabled=1
[Sat Oct  3 18:40:43] PHENOTYPE_GAMEPLAY_DAMAGE actor=stock human male fit damage=3 hp=107
[Sat Oct  3 18:40:46] PHENOTYPE_MOTION human male fit step=27 enabled=1
[Sat Oct  3 18:40:49] PHENOTYPE_MOTION human male fit full armor step=27 enabled=1
[Sat Oct  3 18:40:50] PHENOTYPE_MOTION stock human male fit step=27 enabled=1
[Sat Oct  3 18:40:53] PHENOTYPE_MOTION human male fit step=28 enabled=1
[Sat Oct  3 18:40:53] PHENOTYPE_GAMEPLAY_DEATH actor=human male fit
[Sat Oct  3 18:40:56] PHENOTYPE_MOTION human male fit full armor step=28 enabled=1
[Sat Oct  3 18:40:56] PHENOTYPE_GAMEPLAY_DEATH actor=human male fit full armor
[Sat Oct  3 18:40:56] PHENOTYPE_MOTION stock human male fit step=28 enabled=1
[Sat Oct  3 18:40:56] PHENOTYPE_GAMEPLAY_DEATH actor=stock human male fit
[Sat Oct  3 18:41:08] PHENOTYPE_GAMEPLAY_RESTART actor=human male fit dead=0
[Sat Oct  3 18:41:11] PHENOTYPE_GAMEPLAY_RESTART actor=human male fit full armor dead=0
[Sat Oct  3 18:41:11] PHENOTYPE_GAMEPLAY_RESTART actor=stock human male fit dead=0
[Sat Oct  3 18:41:14] PHENOTYPE_MOTION human male fit step=22 enabled=1
[Sat Oct  3 18:41:14] PHENOTYPE_GAMEPLAY_ATTACK human male fit targetValid=1 enemy=1 distance=       2.000000000
[Sat Oct  3 18:41:15] PHENOTYPE_MOTION stock human male fit step=22 enabled=1
[Sat Oct  3 18:41:15] PHENOTYPE_GAMEPLAY_ATTACK stock human male fit targetValid=1 enemy=1 distance=       2.000000000
[Sat Oct  3 18:41:15] PHENOTYPE_GAMEPLAY_HIT actor=human male fit damage=3 targetHP=298
[Sat Oct  3 18:41:15] PHENOTYPE_GAMEPLAY_HIT actor=stock human male fit damage=2 targetHP=299
[Sat Oct  3 18:41:17] PHENOTYPE_MOTION human male fit full armor step=22 enabled=1
[Sat Oct  3 18:41:17] PHENOTYPE_GAMEPLAY_ATTACK human male fit full armor targetValid=1 enemy=1 distance=       2.000000000
[Sat Oct  3 18:41:17] PHENOTYPE_GAMEPLAY_HIT actor=human male fit damage=2 targetHP=296
[Sat Oct  3 18:41:17] PHENOTYPE_GAMEPLAY_HIT actor=human male fit full armor damage=1 targetHP=300
[Sat Oct  3 18:41:18] PHENOTYPE_GAMEPLAY_HIT actor=stock human male fit damage=4 targetHP=295
[Sat Oct  3 18:41:19] PHENOTYPE_GAMEPLAY_HIT actor=human male fit full armor damage=4 targetHP=296
[Sat Oct  3 18:41:20] PHENOTYPE_MOTION human male fit step=23 enabled=1
[Sat Oct  3 18:41:20] PHENOTYPE_GAMEPLAY_STATE actor=human male fit step=23 action=3 targetValid=1 targetHP=296 distance=       2.000000000
[Sat Oct  3 18:41:20] PHENOTYPE_GAMEPLAY_HIT actor=human male fit damage=7 targetHP=289
[Sat Oct  3 18:41:21] PHENOTYPE_GAMEPLAY_HIT actor=stock human male fit damage=1 targetHP=294
[Sat Oct  3 18:41:22] PHENOTYPE_MOTION stock human male fit step=23 enabled=1
[Sat Oct  3 18:41:22] PHENOTYPE_GAMEPLAY_STATE actor=stock human male fit step=23 action=3 targetValid=1 targetHP=294 distance=       1.999999523
[Sat Oct  3 18:41:23] PHENOTYPE_GAMEPLAY_HIT actor=human male fit full armor damage=3 targetHP=293
[Sat Oct  3 18:41:23] PHENOTYPE_MOTION human male fit full armor step=23 enabled=1
[Sat Oct  3 18:41:23] PHENOTYPE_GAMEPLAY_STATE actor=human male fit full armor step=23 action=3 targetValid=1 targetHP=293 distance=       2.000000000
[Sat Oct  3 18:41:23] PHENOTYPE_GAMEPLAY_HIT actor=stock human male fit damage=10 targetHP=284
[Sat Oct  3 18:41:26] PHENOTYPE_GAMEPLAY_HIT actor=human male fit damage=5 targetHP=284
[Sat Oct  3 18:41:26] PHENOTYPE_GAMEPLAY_HIT actor=stock human male fit damage=9 targetHP=275
[Sat Oct  3 18:41:27] PHENOTYPE_MOTION human male fit step=24 enabled=1
[Sat Oct  3 18:41:27] PHENOTYPE_GAMEPLAY_CAST_REQUEST actor=human male fit wizardLevel=5 armorFailure=5
[Sat Oct  3 18:41:28] PHENOTYPE_MOTION stock human male fit step=24 enabled=1
[Sat Oct  3 18:41:28] PHENOTYPE_GAMEPLAY_CAST_REQUEST actor=stock human male fit wizardLevel=5 armorFailure=5
[Sat Oct  3 18:41:28] PHENOTYPE_GAMEPLAY_HIT actor=human male fit full armor damage=3 targetHP=290
[Sat Oct  3 18:41:29] PHENOTYPE_MOTION human male fit full armor step=24 enabled=1
[Sat Oct  3 18:41:29] PHENOTYPE_GAMEPLAY_CAST_REQUEST actor=human male fit full armor wizardLevel=5 armorFailure=15
[Sat Oct  3 18:41:31] PHENOTYPE_GAMEPLAY_SPELL actor=human male fit spell=107
[Sat Oct  3 18:41:32] PHENOTYPE_GAMEPLAY_HIT actor=human male fit damage=4 targetHP=280
[Sat Oct  3 18:41:32] PHENOTYPE_GAMEPLAY_HIT actor=human male fit damage=3 targetHP=277
[Sat Oct  3 18:41:32] PHENOTYPE_GAMEPLAY_HIT actor=human male fit damage=3 targetHP=274
[Sat Oct  3 18:41:32] PHENOTYPE_GAMEPLAY_HIT actor=human male fit damage=2 targetHP=272
[Sat Oct  3 18:41:32] PHENOTYPE_GAMEPLAY_SPELL actor=stock human male fit spell=107
[Sat Oct  3 18:41:32] PHENOTYPE_GAMEPLAY_HIT actor=human male fit damage=3 targetHP=269
[Sat Oct  3 18:41:33] PHENOTYPE_GAMEPLAY_HIT actor=stock human male fit damage=2 targetHP=273
[Sat Oct  3 18:41:33] PHENOTYPE_GAMEPLAY_HIT actor=stock human male fit damage=4 targetHP=269
[Sat Oct  3 18:41:33] PHENOTYPE_GAMEPLAY_HIT actor=stock human male fit damage=3 targetHP=266
[Sat Oct  3 18:41:33] PHENOTYPE_GAMEPLAY_HIT actor=stock human male fit damage=5 targetHP=261
[Sat Oct  3 18:41:33] PHENOTYPE_GAMEPLAY_HIT actor=stock human male fit damage=2 targetHP=259
[Sat Oct  3 18:41:34] PHENOTYPE_MOTION human male fit step=25 enabled=1
[Sat Oct  3 18:41:34] PHENOTYPE_GAMEPLAY_STATE actor=human male fit step=25 action=4 targetValid=1 targetHP=269 distance=       2.000000000
[Sat Oct  3 18:41:34] PHENOTYPE_GAMEPLAY_SPELL actor=human male fit full armor spell=107
[Sat Oct  3 18:41:34] PHENOTYPE_MOTION stock human male fit step=25 enabled=1
[Sat Oct  3 18:41:34] PHENOTYPE_GAMEPLAY_STATE actor=stock human male fit step=25 action=4 targetValid=1 targetHP=259 distance=       2.000000238
[Sat Oct  3 18:41:35] PHENOTYPE_GAMEPLAY_HIT actor=human male fit full armor damage=2 targetHP=288
[Sat Oct  3 18:41:35] PHENOTYPE_GAMEPLAY_HIT actor=human male fit full armor damage=3 targetHP=285
[Sat Oct  3 18:41:35] PHENOTYPE_GAMEPLAY_HIT actor=human male fit full armor damage=3 targetHP=282
[Sat Oct  3 18:41:35] PHENOTYPE_GAMEPLAY_HIT actor=human male fit full armor damage=5 targetHP=277
[Sat Oct  3 18:41:35] PHENOTYPE_GAMEPLAY_HIT actor=human male fit full armor damage=4 targetHP=273
[Sat Oct  3 18:41:36] PHENOTYPE_MOTION human male fit full armor step=25 enabled=1
[Sat Oct  3 18:41:36] PHENOTYPE_GAMEPLAY_STATE actor=human male fit full armor step=25 action=4 targetValid=1 targetHP=273 distance=       2.000000238
[Sat Oct  3 18:41:37] PHENOTYPE_GAMEPLAY_SPELL actor=human male fit spell=107
[Sat Oct  3 18:41:38] PHENOTYPE_GAMEPLAY_HIT actor=human male fit damage=3 targetHP=266
[Sat Oct  3 18:41:38] PHENOTYPE_GAMEPLAY_HIT actor=human male fit damage=2 targetHP=264
[Sat Oct  3 18:41:38] PHENOTYPE_GAMEPLAY_HIT actor=human male fit damage=2 targetHP=262
[Sat Oct  3 18:41:38] PHENOTYPE_GAMEPLAY_HIT actor=human male fit damage=5 targetHP=257
[Sat Oct  3 18:41:38] PHENOTYPE_GAMEPLAY_SPELL actor=stock human male fit spell=107
[Sat Oct  3 18:41:38] PHENOTYPE_GAMEPLAY_HIT actor=human male fit damage=4 targetHP=253
[Sat Oct  3 18:41:39] PHENOTYPE_GAMEPLAY_HIT actor=stock human male fit damage=2 targetHP=257
[Sat Oct  3 18:41:39] PHENOTYPE_GAMEPLAY_HIT actor=stock human male fit damage=3 targetHP=254
[Sat Oct  3 18:41:39] PHENOTYPE_GAMEPLAY_HIT actor=stock human male fit damage=2 targetHP=252
[Sat Oct  3 18:41:39] PHENOTYPE_GAMEPLAY_HIT actor=stock human male fit damage=2 targetHP=250
[Sat Oct  3 18:41:39] PHENOTYPE_GAMEPLAY_HIT actor=stock human male fit damage=2 targetHP=248
[Sat Oct  3 18:41:40] PHENOTYPE_GAMEPLAY_SPELL actor=human male fit full armor spell=107
[Sat Oct  3 18:41:40] PHENOTYPE_MOTION stock human male fit step=26 enabled=1
[Sat Oct  3 18:41:40] PHENOTYPE_GAMEPLAY_DAMAGE actor=stock human male fit damage=3 hp=107
[Sat Oct  3 18:41:41] PHENOTYPE_MOTION human male fit step=26 enabled=1
[Sat Oct  3 18:41:41] PHENOTYPE_GAMEPLAY_DAMAGE actor=human male fit damage=3 hp=107
[Sat Oct  3 18:41:41] PHENOTYPE_GAMEPLAY_HIT actor=human male fit full armor damage=5 targetHP=268
[Sat Oct  3 18:41:41] PHENOTYPE_GAMEPLAY_HIT actor=human male fit full armor damage=3 targetHP=265
[Sat Oct  3 18:41:41] PHENOTYPE_GAMEPLAY_HIT actor=human male fit full armor damage=2 targetHP=263
[Sat Oct  3 18:41:41] PHENOTYPE_GAMEPLAY_HIT actor=human male fit full armor damage=5 targetHP=258
[Sat Oct  3 18:41:41] PHENOTYPE_GAMEPLAY_HIT actor=human male fit full armor damage=3 targetHP=255
[Sat Oct  3 18:41:42] PHENOTYPE_MOTION human male fit full armor step=26 enabled=1
[Sat Oct  3 18:41:42] PHENOTYPE_GAMEPLAY_DAMAGE actor=human male fit full armor damage=3 hp=107
[Sat Oct  3 18:41:47] PHENOTYPE_MOTION stock human male fit step=27 enabled=1
[Sat Oct  3 18:41:48] PHENOTYPE_MOTION human male fit step=27 enabled=1
[Sat Oct  3 18:41:49] PHENOTYPE_MOTION human male fit full armor step=27 enabled=1
[Sat Oct  3 18:41:53] PHENOTYPE_MOTION stock human male fit step=28 enabled=1
[Sat Oct  3 18:41:53] PHENOTYPE_GAMEPLAY_DEATH actor=stock human male fit
[Sat Oct  3 18:41:54] PHENOTYPE_MOTION human male fit step=28 enabled=1
[Sat Oct  3 18:41:54] PHENOTYPE_GAMEPLAY_DEATH actor=human male fit
[Sat Oct  3 18:41:55] PHENOTYPE_MOTION human male fit full armor step=28 enabled=1
[Sat Oct  3 18:41:55] PHENOTYPE_GAMEPLAY_DEATH actor=human male fit full armor
[Sat Oct  3 18:42:08] PHENOTYPE_GAMEPLAY_RESTART actor=stock human male fit dead=0
[Sat Oct  3 18:42:09] PHENOTYPE_GAMEPLAY_RESTART actor=human male fit dead=0
[Sat Oct  3 18:42:10] PHENOTYPE_GAMEPLAY_RESTART actor=human male fit full armor dead=0
[Sat Oct  3 18:42:13] PHENOTYPE_MOTION stock human male fit step=22 enabled=1
[Sat Oct  3 18:42:13] PHENOTYPE_GAMEPLAY_ATTACK stock human male fit targetValid=1 enemy=1 distance=       2.000000000
[Sat Oct  3 18:42:14] PHENOTYPE_MOTION human male fit step=22 enabled=1
[Sat Oct  3 18:42:14] PHENOTYPE_GAMEPLAY_ATTACK human male fit targetValid=1 enemy=1 distance=       2.000000000
[Sat Oct  3 18:42:14] PHENOTYPE_GAMEPLAY_HIT actor=stock human male fit damage=2 targetHP=299
[Sat Oct  3 18:42:14] PHENOTYPE_GAMEPLAY_HIT actor=human male fit damage=1 targetHP=300
[Sat Oct  3 18:42:16] PHENOTYPE_MOTION human male fit full armor step=22 enabled=1
[Sat Oct  3 18:42:16] PHENOTYPE_GAMEPLAY_ATTACK human male fit full armor targetValid=1 enemy=1 distance=       2.000000000
[Sat Oct  3 18:42:17] PHENOTYPE_GAMEPLAY_HIT actor=human male fit full armor damage=8 targetHP=293
[Sat Oct  3 18:42:19] PHENOTYPE_MOTION stock human male fit step=23 enabled=1
[Sat Oct  3 18:42:19] PHENOTYPE_GAMEPLAY_STATE actor=stock human male fit step=23 action=3 targetValid=1 targetHP=299 distance=       2.000000000
[Sat Oct  3 18:42:19] PHENOTYPE_GAMEPLAY_HIT actor=stock human male fit damage=6 targetHP=293
[Sat Oct  3 18:42:20] PHENOTYPE_GAMEPLAY_HIT actor=human male fit damage=8 targetHP=292
[Sat Oct  3 18:42:21] PHENOTYPE_MOTION human male fit step=23 enabled=1
[Sat Oct  3 18:42:21] PHENOTYPE_GAMEPLAY_STATE actor=human male fit step=23 action=3 targetValid=1 targetHP=292 distance=       2.000000000
[Sat Oct  3 18:42:22] PHENOTYPE_MOTION human male fit full armor step=23 enabled=1
[Sat Oct  3 18:42:22] PHENOTYPE_GAMEPLAY_STATE actor=human male fit full armor step=23 action=3 targetValid=1 targetHP=293 distance=       2.000000238
[Sat Oct  3 18:42:22] PHENOTYPE_GAMEPLAY_HIT actor=human male fit full armor damage=4 targetHP=289
[Sat Oct  3 18:42:24] PHENOTYPE_GAMEPLAY_HIT actor=human male fit full armor damage=4 targetHP=285
[Sat Oct  3 18:42:25] PHENOTYPE_GAMEPLAY_HIT actor=stock human male fit damage=3 targetHP=290
[Sat Oct  3 18:42:25] PHENOTYPE_GAMEPLAY_HIT actor=human male fit damage=2 targetHP=290
[Sat Oct  3 18:42:26] PHENOTYPE_MOTION stock human male fit step=24 enabled=1
[Sat Oct  3 18:42:26] PHENOTYPE_GAMEPLAY_CAST_REQUEST actor=stock human male fit wizardLevel=5 armorFailure=5
[Sat Oct  3 18:42:28] PHENOTYPE_MOTION human male fit step=24 enabled=1
[Sat Oct  3 18:42:28] PHENOTYPE_GAMEPLAY_CAST_REQUEST actor=human male fit wizardLevel=5 armorFailure=5
[Sat Oct  3 18:42:28] PHENOTYPE_GAMEPLAY_HIT actor=human male fit full armor damage=6 targetHP=279
[Sat Oct  3 18:42:29] PHENOTYPE_MOTION human male fit full armor step=24 enabled=1
[Sat Oct  3 18:42:29] PHENOTYPE_GAMEPLAY_CAST_REQUEST actor=human male fit full armor wizardLevel=5 armorFailure=15
[Sat Oct  3 18:42:31] PHENOTYPE_GAMEPLAY_SPELL actor=stock human male fit spell=107
[Sat Oct  3 18:42:31] PHENOTYPE_GAMEPLAY_HIT actor=stock human male fit damage=5 targetHP=285
[Sat Oct  3 18:42:31] PHENOTYPE_GAMEPLAY_HIT actor=stock human male fit damage=4 targetHP=281
[Sat Oct  3 18:42:31] PHENOTYPE_GAMEPLAY_HIT actor=stock human male fit damage=4 targetHP=277
[Sat Oct  3 18:42:31] PHENOTYPE_GAMEPLAY_HIT actor=stock human male fit damage=5 targetHP=272
[Sat Oct  3 18:42:32] PHENOTYPE_GAMEPLAY_HIT actor=stock human male fit damage=5 targetHP=267
[Sat Oct  3 18:42:32] PHENOTYPE_MOTION stock human male fit step=25 enabled=1
[Sat Oct  3 18:42:32] PHENOTYPE_GAMEPLAY_STATE actor=stock human male fit step=25 action=36 targetValid=1 targetHP=267 distance=       2.000000000
[Sat Oct  3 18:42:32] PHENOTYPE_GAMEPLAY_SPELL actor=human male fit spell=107
[Sat Oct  3 18:42:33] PHENOTYPE_GAMEPLAY_HIT actor=human male fit damage=2 targetHP=288
[Sat Oct  3 18:42:33] PHENOTYPE_GAMEPLAY_HIT actor=human male fit damage=4 targetHP=284
[Sat Oct  3 18:42:33] PHENOTYPE_GAMEPLAY_HIT actor=human male fit damage=5 targetHP=279
[Sat Oct  3 18:42:33] PHENOTYPE_GAMEPLAY_HIT actor=human male fit damage=2 targetHP=277
[Sat Oct  3 18:42:33] PHENOTYPE_GAMEPLAY_HIT actor=human male fit damage=3 targetHP=274
[Sat Oct  3 18:42:33] PHENOTYPE_GAMEPLAY_SPELL actor=human male fit full armor spell=107
[Sat Oct  3 18:42:34] PHENOTYPE_MOTION human male fit step=25 enabled=1
[Sat Oct  3 18:42:34] PHENOTYPE_GAMEPLAY_STATE actor=human male fit step=25 action=4 targetValid=1 targetHP=274 distance=       2.000000000
[Sat Oct  3 18:42:34] PHENOTYPE_GAMEPLAY_HIT actor=human male fit full armor damage=2 targetHP=277
[Sat Oct  3 18:42:34] PHENOTYPE_GAMEPLAY_HIT actor=human male fit full armor damage=5 targetHP=272
[Sat Oct  3 18:42:34] PHENOTYPE_GAMEPLAY_HIT actor=human male fit full armor damage=2 targetHP=270
[Sat Oct  3 18:42:34] PHENOTYPE_GAMEPLAY_HIT actor=human male fit full armor damage=5 targetHP=265
[Sat Oct  3 18:42:34] PHENOTYPE_GAMEPLAY_HIT actor=human male fit full armor damage=5 targetHP=260
[Sat Oct  3 18:42:35] PHENOTYPE_MOTION human male fit full armor step=25 enabled=1
[Sat Oct  3 18:42:35] PHENOTYPE_GAMEPLAY_STATE actor=human male fit full armor step=25 action=4 targetValid=1 targetHP=260 distance=       2.000000238
[Sat Oct  3 18:42:37] PHENOTYPE_GAMEPLAY_SPELL actor=stock human male fit spell=107
[Sat Oct  3 18:42:37] PHENOTYPE_GAMEPLAY_HIT actor=stock human male fit damage=2 targetHP=265
[Sat Oct  3 18:42:37] PHENOTYPE_GAMEPLAY_HIT actor=stock human male fit damage=4 targetHP=261
[Sat Oct  3 18:42:37] PHENOTYPE_GAMEPLAY_HIT actor=stock human male fit damage=2 targetHP=259
[Sat Oct  3 18:42:37] PHENOTYPE_GAMEPLAY_HIT actor=stock human male fit damage=5 targetHP=254
[Sat Oct  3 18:42:38] PHENOTYPE_GAMEPLAY_HIT actor=stock human male fit damage=3 targetHP=251
[Sat Oct  3 18:42:38] PHENOTYPE_GAMEPLAY_SPELL actor=human male fit spell=107
[Sat Oct  3 18:42:39] PHENOTYPE_GAMEPLAY_HIT actor=human male fit damage=5 targetHP=269
[Sat Oct  3 18:42:39] PHENOTYPE_GAMEPLAY_HIT actor=human male fit damage=4 targetHP=265
[Sat Oct  3 18:42:39] PHENOTYPE_MOTION stock human male fit step=26 enabled=1
[Sat Oct  3 18:42:39] PHENOTYPE_GAMEPLAY_DAMAGE actor=stock human male fit damage=3 hp=107
[Sat Oct  3 18:42:39] PHENOTYPE_GAMEPLAY_HIT actor=human male fit damage=4 targetHP=261
[Sat Oct  3 18:42:39] PHENOTYPE_GAMEPLAY_HIT actor=human male fit damage=3 targetHP=258
[Sat Oct  3 18:42:39] PHENOTYPE_GAMEPLAY_HIT actor=human male fit damage=5 targetHP=253
[Sat Oct  3 18:42:39] PHENOTYPE_GAMEPLAY_SPELL actor=human male fit full armor spell=107
[Sat Oct  3 18:42:40] PHENOTYPE_GAMEPLAY_HIT actor=human male fit full armor damage=3 targetHP=257
[Sat Oct  3 18:42:40] PHENOTYPE_GAMEPLAY_HIT actor=human male fit full armor damage=2 targetHP=255
[Sat Oct  3 18:42:40] PHENOTYPE_GAMEPLAY_HIT actor=human male fit full armor damage=5 targetHP=250
[Sat Oct  3 18:42:40] PHENOTYPE_GAMEPLAY_HIT actor=human male fit full armor damage=5 targetHP=245
[Sat Oct  3 18:42:40] PHENOTYPE_GAMEPLAY_HIT actor=human male fit full armor damage=2 targetHP=243
[Sat Oct  3 18:42:41] PHENOTYPE_MOTION human male fit step=26 enabled=1
[Sat Oct  3 18:42:41] PHENOTYPE_GAMEPLAY_DAMAGE actor=human male fit damage=3 hp=107
[Sat Oct  3 18:42:41] PHENOTYPE_MOTION human male fit full armor step=26 enabled=1
[Sat Oct  3 18:42:41] PHENOTYPE_GAMEPLAY_DAMAGE actor=human male fit full armor damage=3 hp=107
[Sat Oct  3 18:42:46] PHENOTYPE_MOTION stock human male fit step=27 enabled=1
[Sat Oct  3 18:42:47] PHENOTYPE_MOTION human male fit step=27 enabled=1
[Sat Oct  3 18:42:49] PHENOTYPE_MOTION human male fit full armor step=27 enabled=1
[Sat Oct  3 18:42:52] PHENOTYPE_MOTION stock human male fit step=28 enabled=1
[Sat Oct  3 18:42:52] PHENOTYPE_GAMEPLAY_DEATH actor=stock human male fit
[Sat Oct  3 18:42:54] PHENOTYPE_MOTION human male fit step=28 enabled=1
[Sat Oct  3 18:42:54] PHENOTYPE_GAMEPLAY_DEATH actor=human male fit
[Sat Oct  3 18:42:55] PHENOTYPE_MOTION human male fit full armor step=28 enabled=1
[Sat Oct  3 18:42:55] PHENOTYPE_GAMEPLAY_DEATH actor=human male fit full armor
[Sat Oct  3 18:43:07] PHENOTYPE_GAMEPLAY_RESTART actor=stock human male fit dead=0
[Sat Oct  3 18:43:09] PHENOTYPE_GAMEPLAY_RESTART actor=human male fit dead=0
[Sat Oct  3 18:43:10] PHENOTYPE_GAMEPLAY_RESTART actor=human male fit full armor dead=0
[Sat Oct  3 18:43:12] PHENOTYPE_MOTION stock human male fit step=22 enabled=1
[Sat Oct  3 18:43:12] PHENOTYPE_GAMEPLAY_ATTACK stock human male fit targetValid=1 enemy=1 distance=       2.000000000
[Sat Oct  3 18:43:13] PHENOTYPE_GAMEPLAY_HIT actor=stock human male fit damage=1 targetHP=300
[Sat Oct  3 18:43:14] PHENOTYPE_MOTION human male fit step=22 enabled=1
[Sat Oct  3 18:43:14] PHENOTYPE_GAMEPLAY_ATTACK human male fit targetValid=1 enemy=1 distance=       2.000000000
[Sat Oct  3 18:43:15] PHENOTYPE_GAMEPLAY_HIT actor=human male fit damage=3 targetHP=298
[Sat Oct  3 18:43:15] PHENOTYPE_MOTION human male fit full armor step=22 enabled=1
[Sat Oct  3 18:43:15] PHENOTYPE_GAMEPLAY_ATTACK human male fit full armor targetValid=1 enemy=1 distance=       2.000000000
[Sat Oct  3 18:43:16] PHENOTYPE_GAMEPLAY_HIT actor=human male fit full armor damage=5 targetHP=296
[Sat Oct  3 18:43:17] PHENOTYPE_GAMEPLAY_HIT actor=human male fit damage=2 targetHP=296
[Sat Oct  3 18:43:18] PHENOTYPE_GAMEPLAY_HIT actor=stock human male fit damage=6 targetHP=294
[Sat Oct  3 18:43:19] PHENOTYPE_MOTION stock human male fit step=23 enabled=1
[Sat Oct  3 18:43:19] PHENOTYPE_GAMEPLAY_STATE actor=stock human male fit step=23 action=3 targetValid=1 targetHP=294 distance=       1.999999523
[Sat Oct  3 18:43:20] PHENOTYPE_MOTION human male fit step=23 enabled=1
[Sat Oct  3 18:43:20] PHENOTYPE_GAMEPLAY_STATE actor=human male fit step=23 action=3 targetValid=1 targetHP=296 distance=       1.999999523
[Sat Oct  3 18:43:20] PHENOTYPE_GAMEPLAY_HIT actor=human male fit damage=7 targetHP=289
[Sat Oct  3 18:43:20] PHENOTYPE_GAMEPLAY_HIT actor=stock human male fit damage=4 targetHP=290
[Sat Oct  3 18:43:21] PHENOTYPE_MOTION human male fit full armor step=23 enabled=1
[Sat Oct  3 18:43:21] PHENOTYPE_GAMEPLAY_STATE actor=human male fit full armor step=23 action=3 targetValid=1 targetHP=296 distance=       2.000000000
[Sat Oct  3 18:43:21] PHENOTYPE_GAMEPLAY_HIT actor=human male fit full armor damage=3 targetHP=293
[Sat Oct  3 18:43:22] PHENOTYPE_GAMEPLAY_HIT actor=human male fit damage=5 targetHP=284
[Sat Oct  3 18:43:23] PHENOTYPE_GAMEPLAY_HIT actor=human male fit full armor damage=6 targetHP=287
[Sat Oct  3 18:43:24] PHENOTYPE_GAMEPLAY_HIT actor=stock human male fit damage=8 targetHP=282
[Sat Oct  3 18:43:25] PHENOTYPE_MOTION stock human male fit step=24 enabled=1
[Sat Oct  3 18:43:25] PHENOTYPE_GAMEPLAY_CAST_REQUEST actor=stock human male fit wizardLevel=5 armorFailure=5
[Sat Oct  3 18:43:26] PHENOTYPE_GAMEPLAY_HIT actor=human male fit damage=7 targetHP=277
[Sat Oct  3 18:43:27] PHENOTYPE_GAMEPLAY_HIT actor=human male fit full armor damage=1 targetHP=286
[Sat Oct  3 18:43:27] PHENOTYPE_MOTION human male fit step=24 enabled=1
[Sat Oct  3 18:43:27] PHENOTYPE_GAMEPLAY_CAST_REQUEST actor=human male fit wizardLevel=5 armorFailure=5
[Sat Oct  3 18:43:28] PHENOTYPE_MOTION human male fit full armor step=24 enabled=1
[Sat Oct  3 18:43:28] PHENOTYPE_GAMEPLAY_CAST_REQUEST actor=human male fit full armor wizardLevel=5 armorFailure=15
[Sat Oct  3 18:43:29] PHENOTYPE_GAMEPLAY_SPELL actor=stock human male fit spell=107
[Sat Oct  3 18:43:30] PHENOTYPE_GAMEPLAY_HIT actor=stock human male fit damage=5 targetHP=277
[Sat Oct  3 18:43:30] PHENOTYPE_GAMEPLAY_HIT actor=stock human male fit damage=3 targetHP=274
[Sat Oct  3 18:43:30] PHENOTYPE_GAMEPLAY_HIT actor=stock human male fit damage=2 targetHP=272
[Sat Oct  3 18:43:30] PHENOTYPE_GAMEPLAY_HIT actor=stock human male fit damage=3 targetHP=269
[Sat Oct  3 18:43:30] PHENOTYPE_GAMEPLAY_HIT actor=stock human male fit damage=3 targetHP=266
[Sat Oct  3 18:43:31] PHENOTYPE_GAMEPLAY_SPELL actor=human male fit spell=107
[Sat Oct  3 18:43:31] PHENOTYPE_MOTION stock human male fit step=25 enabled=1
[Sat Oct  3 18:43:31] PHENOTYPE_GAMEPLAY_STATE actor=stock human male fit step=25 action=4 targetValid=1 targetHP=266 distance=       2.000000000
[Sat Oct  3 18:43:32] PHENOTYPE_GAMEPLAY_HIT actor=human male fit damage=5 targetHP=272
[Sat Oct  3 18:43:32] PHENOTYPE_GAMEPLAY_HIT actor=human male fit damage=3 targetHP=269
[Sat Oct  3 18:43:32] PHENOTYPE_GAMEPLAY_HIT actor=human male fit damage=4 targetHP=265
[Sat Oct  3 18:43:32] PHENOTYPE_GAMEPLAY_HIT actor=human male fit damage=3 targetHP=262
[Sat Oct  3 18:43:32] PHENOTYPE_GAMEPLAY_HIT actor=human male fit damage=3 targetHP=259
[Sat Oct  3 18:43:32] PHENOTYPE_GAMEPLAY_SPELL actor=human male fit full armor spell=107
[Sat Oct  3 18:43:33] PHENOTYPE_GAMEPLAY_HIT actor=human male fit full armor damage=4 targetHP=282
[Sat Oct  3 18:43:33] PHENOTYPE_MOTION human male fit step=25 enabled=1
[Sat Oct  3 18:43:33] PHENOTYPE_GAMEPLAY_STATE actor=human male fit step=25 action=4 targetValid=1 targetHP=259 distance=       1.999999285
[Sat Oct  3 18:43:33] PHENOTYPE_GAMEPLAY_HIT actor=human male fit full armor damage=4 targetHP=278
[Sat Oct  3 18:43:33] PHENOTYPE_GAMEPLAY_HIT actor=human male fit full armor damage=3 targetHP=275
[Sat Oct  3 18:43:33] PHENOTYPE_GAMEPLAY_HIT actor=human male fit full armor damage=3 targetHP=272
[Sat Oct  3 18:43:33] PHENOTYPE_GAMEPLAY_HIT actor=human male fit full armor damage=5 targetHP=267
[Sat Oct  3 18:43:34] PHENOTYPE_MOTION human male fit full armor step=25 enabled=1
[Sat Oct  3 18:43:34] PHENOTYPE_GAMEPLAY_STATE actor=human male fit full armor step=25 action=4 targetValid=1 targetHP=267 distance=       2.000000000
[Sat Oct  3 18:43:35] PHENOTYPE_GAMEPLAY_SPELL actor=stock human male fit spell=107
[Sat Oct  3 18:43:36] PHENOTYPE_GAMEPLAY_HIT actor=stock human male fit damage=5 targetHP=261
[Sat Oct  3 18:43:36] PHENOTYPE_GAMEPLAY_HIT actor=stock human male fit damage=5 targetHP=256
[Sat Oct  3 18:43:36] PHENOTYPE_GAMEPLAY_HIT actor=stock human male fit damage=2 targetHP=254
[Sat Oct  3 18:43:36] PHENOTYPE_GAMEPLAY_HIT actor=stock human male fit damage=3 targetHP=251
[Sat Oct  3 18:43:36] PHENOTYPE_GAMEPLAY_HIT actor=stock human male fit damage=3 targetHP=248
[Sat Oct  3 18:43:37] PHENOTYPE_GAMEPLAY_SPELL actor=human male fit spell=107
[Sat Oct  3 18:43:38] PHENOTYPE_GAMEPLAY_HIT actor=human male fit damage=5 targetHP=254
[Sat Oct  3 18:43:38] PHENOTYPE_GAMEPLAY_HIT actor=human male fit damage=4 targetHP=250
[Sat Oct  3 18:43:38] PHENOTYPE_MOTION stock human male fit step=26 enabled=1
[Sat Oct  3 18:43:38] PHENOTYPE_GAMEPLAY_DAMAGE actor=stock human male fit damage=3 hp=107
[Sat Oct  3 18:43:38] PHENOTYPE_GAMEPLAY_HIT actor=human male fit damage=4 targetHP=246
[Sat Oct  3 18:43:38] PHENOTYPE_GAMEPLAY_HIT actor=human male fit damage=4 targetHP=242
[Sat Oct  3 18:43:38] PHENOTYPE_GAMEPLAY_HIT actor=human male fit damage=3 targetHP=239
[Sat Oct  3 18:43:38] PHENOTYPE_GAMEPLAY_SPELL actor=human male fit full armor spell=107
[Sat Oct  3 18:43:39] PHENOTYPE_GAMEPLAY_HIT actor=human male fit full armor damage=3 targetHP=264
[Sat Oct  3 18:43:39] PHENOTYPE_GAMEPLAY_HIT actor=human male fit full armor damage=3 targetHP=261
[Sat Oct  3 18:43:39] PHENOTYPE_GAMEPLAY_HIT actor=human male fit full armor damage=2 targetHP=259
[Sat Oct  3 18:43:39] PHENOTYPE_GAMEPLAY_HIT actor=human male fit full armor damage=4 targetHP=255
[Sat Oct  3 18:43:39] PHENOTYPE_GAMEPLAY_HIT actor=human male fit full armor damage=5 targetHP=250
[Sat Oct  3 18:43:40] PHENOTYPE_MOTION human male fit step=26 enabled=1
[Sat Oct  3 18:43:40] PHENOTYPE_GAMEPLAY_DAMAGE actor=human male fit damage=3 hp=107
[Sat Oct  3 18:43:40] PHENOTYPE_MOTION human male fit full armor step=26 enabled=1
[Sat Oct  3 18:43:40] PHENOTYPE_GAMEPLAY_DAMAGE actor=human male fit full armor damage=3 hp=107
[Sat Oct  3 18:43:45] PHENOTYPE_MOTION stock human male fit step=27 enabled=1
[Sat Oct  3 18:43:46] PHENOTYPE_MOTION human male fit full armor step=27 enabled=1
[Sat Oct  3 18:43:47] PHENOTYPE_MOTION human male fit step=27 enabled=1
[Sat Oct  3 18:43:52] PHENOTYPE_MOTION stock human male fit step=28 enabled=1
[Sat Oct  3 18:43:52] PHENOTYPE_GAMEPLAY_DEATH actor=stock human male fit
[Sat Oct  3 18:43:53] PHENOTYPE_MOTION human male fit step=28 enabled=1
[Sat Oct  3 18:43:53] PHENOTYPE_GAMEPLAY_DEATH actor=human male fit
[Sat Oct  3 18:43:54] PHENOTYPE_MOTION human male fit full armor step=28 enabled=1
[Sat Oct  3 18:43:54] PHENOTYPE_GAMEPLAY_DEATH actor=human male fit full armor
[Sat Oct  3 18:44:07] PHENOTYPE_GAMEPLAY_RESTART actor=stock human male fit dead=0
[Sat Oct  3 18:44:08] PHENOTYPE_GAMEPLAY_RESTART actor=human male fit dead=0
[Sat Oct  3 18:44:09] PHENOTYPE_GAMEPLAY_RESTART actor=human male fit full armor dead=0
[Sat Oct  3 18:44:11] PHENOTYPE_MOTION stock human male fit step=22 enabled=1
[Sat Oct  3 18:44:11] PHENOTYPE_GAMEPLAY_ATTACK stock human male fit targetValid=1 enemy=1 distance=       2.000000000
[Sat Oct  3 18:44:12] PHENOTYPE_GAMEPLAY_HIT actor=stock human male fit damage=6 targetHP=295
[Sat Oct  3 18:44:12] PHENOTYPE_MOTION human male fit step=22 enabled=1
[Sat Oct  3 18:44:12] PHENOTYPE_GAMEPLAY_ATTACK human male fit targetValid=1 enemy=1 distance=       2.000000000
[Sat Oct  3 18:44:13] PHENOTYPE_MOTION human male fit full armor step=22 enabled=1
[Sat Oct  3 18:44:13] PHENOTYPE_GAMEPLAY_ATTACK human male fit full armor targetValid=1 enemy=1 distance=       2.000000000
[Sat Oct  3 18:44:13] PHENOTYPE_GAMEPLAY_HIT actor=human male fit damage=5 targetHP=296
[Sat Oct  3 18:44:14] PHENOTYPE_GAMEPLAY_HIT actor=human male fit full armor damage=6 targetHP=295
[Sat Oct  3 18:44:14] PHENOTYPE_GAMEPLAY_HIT actor=stock human male fit damage=6 targetHP=289
[Sat Oct  3 18:44:15] PHENOTYPE_GAMEPLAY_HIT actor=human male fit damage=5 targetHP=291
[Sat Oct  3 18:44:16] PHENOTYPE_GAMEPLAY_HIT actor=human male fit full armor damage=1 targetHP=294
[Sat Oct  3 18:44:17] PHENOTYPE_MOTION stock human male fit step=23 enabled=1
[Sat Oct  3 18:44:17] PHENOTYPE_GAMEPLAY_STATE actor=stock human male fit step=23 action=3 targetValid=1 targetHP=289 distance=       2.000000000
[Sat Oct  3 18:44:18] PHENOTYPE_GAMEPLAY_HIT actor=stock human male fit damage=2 targetHP=287
[Sat Oct  3 18:44:19] PHENOTYPE_GAMEPLAY_HIT actor=human male fit damage=8 targetHP=283
[Sat Oct  3 18:44:19] PHENOTYPE_MOTION human male fit step=23 enabled=1
[Sat Oct  3 18:44:19] PHENOTYPE_GAMEPLAY_STATE actor=human male fit step=23 action=3 targetValid=1 targetHP=283 distance=       2.000000000
[Sat Oct  3 18:44:20] PHENOTYPE_MOTION human male fit full armor step=23 enabled=1
[Sat Oct  3 18:44:20] PHENOTYPE_GAMEPLAY_STATE actor=human male fit full armor step=23 action=3 targetValid=1 targetHP=294 distance=       2.000000000
[Sat Oct  3 18:44:21] PHENOTYPE_GAMEPLAY_HIT actor=human male fit damage=4 targetHP=279
[Sat Oct  3 18:44:23] PHENOTYPE_GAMEPLAY_HIT actor=stock human male fit damage=7 targetHP=280
[Sat Oct  3 18:44:23] PHENOTYPE_MOTION stock human male fit step=24 enabled=1
[Sat Oct  3 18:44:23] PHENOTYPE_GAMEPLAY_CAST_REQUEST actor=stock human male fit wizardLevel=5 armorFailure=5
[Sat Oct  3 18:44:24] PHENOTYPE_GAMEPLAY_HIT actor=human male fit damage=4 targetHP=275
[Sat Oct  3 18:44:25] PHENOTYPE_GAMEPLAY_HIT actor=human male fit full armor damage=1 targetHP=293
[Sat Oct  3 18:44:26] PHENOTYPE_MOTION human male fit full armor step=24 enabled=1
[Sat Oct  3 18:44:26] PHENOTYPE_GAMEPLAY_CAST_REQUEST actor=human male fit full armor wizardLevel=5 armorFailure=15
[Sat Oct  3 18:44:26] PHENOTYPE_MOTION human male fit step=24 enabled=1
[Sat Oct  3 18:44:26] PHENOTYPE_GAMEPLAY_CAST_REQUEST actor=human male fit wizardLevel=5 armorFailure=5
[Sat Oct  3 18:44:29] PHENOTYPE_GAMEPLAY_SPELL actor=stock human male fit spell=107
[Sat Oct  3 18:44:29] PHENOTYPE_GAMEPLAY_HIT actor=stock human male fit damage=3 targetHP=277
[Sat Oct  3 18:44:30] PHENOTYPE_GAMEPLAY_HIT actor=stock human male fit damage=2 targetHP=275
[Sat Oct  3 18:44:30] PHENOTYPE_GAMEPLAY_HIT actor=stock human male fit damage=3 targetHP=272
[Sat Oct  3 18:44:30] PHENOTYPE_GAMEPLAY_HIT actor=stock human male fit damage=5 targetHP=267
[Sat Oct  3 18:44:30] PHENOTYPE_GAMEPLAY_HIT actor=stock human male fit damage=3 targetHP=264
[Sat Oct  3 18:44:30] PHENOTYPE_GAMEPLAY_SPELL actor=human male fit spell=107
[Sat Oct  3 18:44:30] PHENOTYPE_GAMEPLAY_SPELL actor=human male fit full armor spell=107
[Sat Oct  3 18:44:30] PHENOTYPE_GAMEPLAY_HIT actor=human male fit damage=2 targetHP=273
[Sat Oct  3 18:44:31] PHENOTYPE_MOTION stock human male fit step=25 enabled=1
[Sat Oct  3 18:44:31] PHENOTYPE_GAMEPLAY_STATE actor=stock human male fit step=25 action=4 targetValid=1 targetHP=264 distance=       2.000000000
[Sat Oct  3 18:44:31] PHENOTYPE_GAMEPLAY_HIT actor=human male fit damage=4 targetHP=269
[Sat Oct  3 18:44:31] PHENOTYPE_GAMEPLAY_HIT actor=human male fit damage=3 targetHP=266
[Sat Oct  3 18:44:31] PHENOTYPE_GAMEPLAY_HIT actor=human male fit damage=2 targetHP=264
[Sat Oct  3 18:44:31] PHENOTYPE_GAMEPLAY_HIT actor=human male fit damage=5 targetHP=259
[Sat Oct  3 18:44:31] PHENOTYPE_GAMEPLAY_HIT actor=human male fit full armor damage=3 targetHP=290
[Sat Oct  3 18:44:31] PHENOTYPE_GAMEPLAY_HIT actor=human male fit full armor damage=4 targetHP=286
[Sat Oct  3 18:44:31] PHENOTYPE_GAMEPLAY_HIT actor=human male fit full armor damage=2 targetHP=284
[Sat Oct  3 18:44:31] PHENOTYPE_GAMEPLAY_HIT actor=human male fit full armor damage=2 targetHP=282
[Sat Oct  3 18:44:31] PHENOTYPE_GAMEPLAY_HIT actor=human male fit full armor damage=3 targetHP=279
[Sat Oct  3 18:44:33] PHENOTYPE_MOTION human male fit full armor step=25 enabled=1
[Sat Oct  3 18:44:33] PHENOTYPE_GAMEPLAY_STATE actor=human male fit full armor step=25 action=4 targetValid=1 targetHP=279 distance=       2.000000000
[Sat Oct  3 18:44:33] PHENOTYPE_MOTION human male fit step=25 enabled=1
[Sat Oct  3 18:44:33] PHENOTYPE_GAMEPLAY_STATE actor=human male fit step=25 action=4 targetValid=1 targetHP=259 distance=       2.000000000
[Sat Oct  3 18:44:35] PHENOTYPE_GAMEPLAY_SPELL actor=stock human male fit spell=107
[Sat Oct  3 18:44:35] PHENOTYPE_GAMEPLAY_HIT actor=stock human male fit damage=2 targetHP=262
[Sat Oct  3 18:44:36] PHENOTYPE_GAMEPLAY_HIT actor=stock human male fit damage=2 targetHP=260
[Sat Oct  3 18:44:36] PHENOTYPE_GAMEPLAY_HIT actor=stock human male fit damage=5 targetHP=255
[Sat Oct  3 18:44:36] PHENOTYPE_GAMEPLAY_HIT actor=stock human male fit damage=3 targetHP=252
[Sat Oct  3 18:44:36] PHENOTYPE_GAMEPLAY_HIT actor=stock human male fit damage=2 targetHP=250
[Sat Oct  3 18:44:36] PHENOTYPE_GAMEPLAY_SPELL actor=human male fit spell=107
[Sat Oct  3 18:44:36] PHENOTYPE_GAMEPLAY_SPELL actor=human male fit full armor spell=107
[Sat Oct  3 18:44:37] PHENOTYPE_GAMEPLAY_HIT actor=human male fit damage=4 targetHP=255
[Sat Oct  3 18:44:37] PHENOTYPE_GAMEPLAY_HIT actor=human male fit damage=5 targetHP=250
[Sat Oct  3 18:44:37] PHENOTYPE_GAMEPLAY_HIT actor=human male fit damage=2 targetHP=248
[Sat Oct  3 18:44:37] PHENOTYPE_GAMEPLAY_HIT actor=human male fit damage=2 targetHP=246
[Sat Oct  3 18:44:37] PHENOTYPE_GAMEPLAY_HIT actor=human male fit damage=5 targetHP=241
[Sat Oct  3 18:44:37] PHENOTYPE_GAMEPLAY_HIT actor=human male fit full armor damage=2 targetHP=277
[Sat Oct  3 18:44:37] PHENOTYPE_GAMEPLAY_HIT actor=human male fit full armor damage=5 targetHP=272
[Sat Oct  3 18:44:37] PHENOTYPE_MOTION stock human male fit step=26 enabled=1
[Sat Oct  3 18:44:37] PHENOTYPE_GAMEPLAY_DAMAGE actor=stock human male fit damage=3 hp=107
[Sat Oct  3 18:44:37] PHENOTYPE_GAMEPLAY_HIT actor=human male fit full armor damage=4 targetHP=268
[Sat Oct  3 18:44:37] PHENOTYPE_GAMEPLAY_HIT actor=human male fit full armor damage=2 targetHP=266
[Sat Oct  3 18:44:37] PHENOTYPE_GAMEPLAY_HIT actor=human male fit full armor damage=3 targetHP=263
[Sat Oct  3 18:44:39] PHENOTYPE_MOTION human male fit full armor step=26 enabled=1
[Sat Oct  3 18:44:39] PHENOTYPE_GAMEPLAY_DAMAGE actor=human male fit full armor damage=3 hp=107
[Sat Oct  3 18:44:40] PHENOTYPE_MOTION human male fit step=26 enabled=1
[Sat Oct  3 18:44:40] PHENOTYPE_GAMEPLAY_DAMAGE actor=human male fit damage=3 hp=107
[Sat Oct  3 18:44:43] PHENOTYPE_MOTION stock human male fit step=27 enabled=1
[Sat Oct  3 18:44:46] PHENOTYPE_MOTION human male fit full armor step=27 enabled=1
[Sat Oct  3 18:44:46] PHENOTYPE_MOTION human male fit step=27 enabled=1
[Sat Oct  3 18:44:49] PHENOTYPE_MOTION stock human male fit step=28 enabled=1
[Sat Oct  3 18:44:49] PHENOTYPE_GAMEPLAY_DEATH actor=stock human male fit
[Sat Oct  3 18:44:53] PHENOTYPE_MOTION human male fit step=28 enabled=1
[Sat Oct  3 18:44:53] PHENOTYPE_GAMEPLAY_DEATH actor=human male fit
[Sat Oct  3 18:44:53] PHENOTYPE_MOTION human male fit full armor step=28 enabled=1
[Sat Oct  3 18:44:53] PHENOTYPE_GAMEPLAY_DEATH actor=human male fit full armor
[Sat Oct  3 18:45:04] PHENOTYPE_GAMEPLAY_RESTART actor=stock human male fit dead=0
[Sat Oct  3 18:45:08] PHENOTYPE_GAMEPLAY_RESTART actor=human male fit dead=0
[Sat Oct  3 18:45:08] PHENOTYPE_GAMEPLAY_RESTART actor=human male fit full armor dead=0
[Sat Oct  3 18:45:08] PHENOTYPE_MOTION stock human male fit step=22 enabled=1
[Sat Oct  3 18:45:08] PHENOTYPE_GAMEPLAY_ATTACK stock human male fit targetValid=1 enemy=1 distance=       2.000000000
[Sat Oct  3 18:45:09] PHENOTYPE_GAMEPLAY_HIT actor=stock human male fit damage=5 targetHP=296
[Sat Oct  3 18:45:12] PHENOTYPE_GAMEPLAY_HIT actor=stock human male fit damage=7 targetHP=289
[Sat Oct  3 18:45:13] PHENOTYPE_MOTION human male fit full armor step=22 enabled=1
[Sat Oct  3 18:45:13] PHENOTYPE_GAMEPLAY_ATTACK human male fit full armor targetValid=1 enemy=1 distance=       2.000000000
[Sat Oct  3 18:45:13] PHENOTYPE_MOTION human male fit step=22 enabled=1
[Sat Oct  3 18:45:13] PHENOTYPE_GAMEPLAY_ATTACK human male fit targetValid=1 enemy=1 distance=       2.000000000
[Sat Oct  3 18:45:14] PHENOTYPE_GAMEPLAY_HIT actor=human male fit full armor damage=1 targetHP=300
[Sat Oct  3 18:45:14] PHENOTYPE_GAMEPLAY_HIT actor=human male fit damage=3 targetHP=298
[Sat Oct  3 18:45:15] PHENOTYPE_GAMEPLAY_HIT actor=stock human male fit damage=3 targetHP=286
[Sat Oct  3 18:45:16] PHENOTYPE_MOTION stock human male fit step=23 enabled=1
[Sat Oct  3 18:45:16] PHENOTYPE_GAMEPLAY_STATE actor=stock human male fit step=23 action=3 targetValid=1 targetHP=286 distance=       2.000000000
[Sat Oct  3 18:45:16] PHENOTYPE_GAMEPLAY_HIT actor=human male fit damage=5 targetHP=293
[Sat Oct  3 18:45:17] PHENOTYPE_GAMEPLAY_HIT actor=stock human male fit damage=8 targetHP=278
[Sat Oct  3 18:45:19] PHENOTYPE_MOTION human male fit full armor step=23 enabled=1
[Sat Oct  3 18:45:19] PHENOTYPE_GAMEPLAY_STATE actor=human male fit full armor step=23 action=3 targetValid=1 targetHP=300 distance=       2.000000000
[Sat Oct  3 18:45:19] PHENOTYPE_GAMEPLAY_HIT actor=human male fit full armor damage=4 targetHP=296
[Sat Oct  3 18:45:19] PHENOTYPE_MOTION human male fit step=23 enabled=1
[Sat Oct  3 18:45:19] PHENOTYPE_GAMEPLAY_STATE actor=human male fit step=23 action=3 targetValid=1 targetHP=293 distance=       2.000000000
[Sat Oct  3 18:45:19] PHENOTYPE_GAMEPLAY_HIT actor=human male fit damage=5 targetHP=288
[Sat Oct  3 18:45:20] PHENOTYPE_GAMEPLAY_HIT actor=stock human male fit damage=4 targetHP=274
[Sat Oct  3 18:45:21] PHENOTYPE_GAMEPLAY_HIT actor=human male fit full armor damage=8 targetHP=288
[Sat Oct  3 18:45:22] PHENOTYPE_GAMEPLAY_HIT actor=human male fit damage=5 targetHP=283
[Sat Oct  3 18:45:23] PHENOTYPE_MOTION stock human male fit step=24 enabled=1
[Sat Oct  3 18:45:23] PHENOTYPE_GAMEPLAY_CAST_REQUEST actor=stock human male fit wizardLevel=5 armorFailure=5
[Sat Oct  3 18:45:25] PHENOTYPE_GAMEPLAY_HIT actor=human male fit damage=1 targetHP=282
[Sat Oct  3 18:45:26] PHENOTYPE_MOTION human male fit step=24 enabled=1
[Sat Oct  3 18:45:26] PHENOTYPE_GAMEPLAY_CAST_REQUEST actor=human male fit wizardLevel=5 armorFailure=5
[Sat Oct  3 18:45:26] PHENOTYPE_MOTION human male fit full armor step=24 enabled=1
[Sat Oct  3 18:45:26] PHENOTYPE_GAMEPLAY_CAST_REQUEST actor=human male fit full armor wizardLevel=5 armorFailure=15
[Sat Oct  3 18:45:27] PHENOTYPE_GAMEPLAY_SPELL actor=stock human male fit spell=107
[Sat Oct  3 18:45:28] PHENOTYPE_GAMEPLAY_HIT actor=stock human male fit damage=2 targetHP=272
[Sat Oct  3 18:45:28] PHENOTYPE_GAMEPLAY_HIT actor=stock human male fit damage=2 targetHP=270
[Sat Oct  3 18:45:28] PHENOTYPE_GAMEPLAY_HIT actor=stock human male fit damage=4 targetHP=266
[Sat Oct  3 18:45:28] PHENOTYPE_GAMEPLAY_HIT actor=stock human male fit damage=2 targetHP=264
[Sat Oct  3 18:45:28] PHENOTYPE_GAMEPLAY_HIT actor=stock human male fit damage=2 targetHP=262
[Sat Oct  3 18:45:29] PHENOTYPE_MOTION stock human male fit step=25 enabled=1
[Sat Oct  3 18:45:29] PHENOTYPE_GAMEPLAY_STATE actor=stock human male fit step=25 action=4 targetValid=1 targetHP=262 distance=       2.000000000
[Sat Oct  3 18:45:30] PHENOTYPE_GAMEPLAY_SPELL actor=human male fit full armor spell=107
[Sat Oct  3 18:45:30] PHENOTYPE_GAMEPLAY_SPELL actor=human male fit spell=107
[Sat Oct  3 18:45:31] PHENOTYPE_GAMEPLAY_HIT actor=human male fit full armor damage=4 targetHP=284
[Sat Oct  3 18:45:31] PHENOTYPE_GAMEPLAY_HIT actor=human male fit damage=3 targetHP=279
[Sat Oct  3 18:45:31] PHENOTYPE_GAMEPLAY_HIT actor=human male fit full armor damage=3 targetHP=281
[Sat Oct  3 18:45:31] PHENOTYPE_GAMEPLAY_HIT actor=human male fit damage=5 targetHP=274
[Sat Oct  3 18:45:31] PHENOTYPE_GAMEPLAY_HIT actor=human male fit full armor damage=2 targetHP=279
[Sat Oct  3 18:45:31] PHENOTYPE_GAMEPLAY_HIT actor=human male fit damage=2 targetHP=272
[Sat Oct  3 18:45:31] PHENOTYPE_GAMEPLAY_HIT actor=human male fit full armor damage=4 targetHP=275
[Sat Oct  3 18:45:31] PHENOTYPE_GAMEPLAY_HIT actor=human male fit damage=3 targetHP=269
[Sat Oct  3 18:45:31] PHENOTYPE_GAMEPLAY_HIT actor=human male fit full armor damage=3 targetHP=272
[Sat Oct  3 18:45:31] PHENOTYPE_GAMEPLAY_HIT actor=human male fit damage=5 targetHP=264
[Sat Oct  3 18:45:32] PHENOTYPE_MOTION human male fit step=25 enabled=1
[Sat Oct  3 18:45:32] PHENOTYPE_GAMEPLAY_STATE actor=human male fit step=25 action=4 targetValid=1 targetHP=264 distance=       2.000000000
[Sat Oct  3 18:45:33] PHENOTYPE_MOTION human male fit full armor step=25 enabled=1
[Sat Oct  3 18:45:33] PHENOTYPE_GAMEPLAY_STATE actor=human male fit full armor step=25 action=4 targetValid=1 targetHP=272 distance=       2.000000238
[Sat Oct  3 18:45:33] PHENOTYPE_GAMEPLAY_SPELL actor=stock human male fit spell=107
[Sat Oct  3 18:45:34] PHENOTYPE_GAMEPLAY_HIT actor=stock human male fit damage=3 targetHP=259
[Sat Oct  3 18:45:34] PHENOTYPE_GAMEPLAY_HIT actor=stock human male fit damage=4 targetHP=255
[Sat Oct  3 18:45:34] PHENOTYPE_GAMEPLAY_HIT actor=stock human male fit damage=3 targetHP=252
[Sat Oct  3 18:45:34] PHENOTYPE_GAMEPLAY_HIT actor=stock human male fit damage=2 targetHP=250
[Sat Oct  3 18:45:34] PHENOTYPE_GAMEPLAY_HIT actor=stock human male fit damage=4 targetHP=246
[Sat Oct  3 18:45:35] PHENOTYPE_MOTION stock human male fit step=26 enabled=1
[Sat Oct  3 18:45:35] PHENOTYPE_GAMEPLAY_DAMAGE actor=stock human male fit damage=3 hp=107
[Sat Oct  3 18:45:36] PHENOTYPE_GAMEPLAY_SPELL actor=human male fit full armor spell=107
[Sat Oct  3 18:45:36] PHENOTYPE_GAMEPLAY_SPELL actor=human male fit spell=107
[Sat Oct  3 18:45:37] PHENOTYPE_GAMEPLAY_HIT actor=human male fit full armor damage=4 targetHP=268
[Sat Oct  3 18:45:37] PHENOTYPE_GAMEPLAY_HIT actor=human male fit damage=2 targetHP=262
[Sat Oct  3 18:45:37] PHENOTYPE_GAMEPLAY_HIT actor=human male fit full armor damage=4 targetHP=264
[Sat Oct  3 18:45:37] PHENOTYPE_GAMEPLAY_HIT actor=human male fit damage=4 targetHP=258
[Sat Oct  3 18:45:37] PHENOTYPE_GAMEPLAY_HIT actor=human male fit full armor damage=2 targetHP=262
[Sat Oct  3 18:45:37] PHENOTYPE_GAMEPLAY_HIT actor=human male fit damage=5 targetHP=253
[Sat Oct  3 18:45:37] PHENOTYPE_GAMEPLAY_HIT actor=human male fit full armor damage=2 targetHP=260
[Sat Oct  3 18:45:37] PHENOTYPE_GAMEPLAY_HIT actor=human male fit damage=4 targetHP=249
[Sat Oct  3 18:45:37] PHENOTYPE_GAMEPLAY_HIT actor=human male fit full armor damage=4 targetHP=256
[Sat Oct  3 18:45:37] PHENOTYPE_GAMEPLAY_HIT actor=human male fit damage=2 targetHP=247
[Sat Oct  3 18:45:39] PHENOTYPE_MOTION human male fit step=26 enabled=1
[Sat Oct  3 18:45:39] PHENOTYPE_GAMEPLAY_DAMAGE actor=human male fit damage=3 hp=107
[Sat Oct  3 18:45:40] PHENOTYPE_MOTION human male fit full armor step=26 enabled=1
[Sat Oct  3 18:45:40] PHENOTYPE_GAMEPLAY_DAMAGE actor=human male fit full armor damage=3 hp=107
[Sat Oct  3 18:45:42] PHENOTYPE_MOTION stock human male fit step=27 enabled=1
[Sat Oct  3 18:45:45] PHENOTYPE_MOTION human male fit step=27 enabled=1
[Sat Oct  3 18:45:47] PHENOTYPE_MOTION human male fit full armor step=27 enabled=1
[Sat Oct  3 18:45:49] PHENOTYPE_MOTION stock human male fit step=28 enabled=1
[Sat Oct  3 18:45:49] PHENOTYPE_GAMEPLAY_DEATH actor=stock human male fit
[Sat Oct  3 18:45:52] PHENOTYPE_MOTION human male fit step=28 enabled=1
[Sat Oct  3 18:45:52] PHENOTYPE_GAMEPLAY_DEATH actor=human male fit
[Sat Oct  3 18:45:53] PHENOTYPE_MOTION human male fit full armor step=28 enabled=1
[Sat Oct  3 18:45:53] PHENOTYPE_GAMEPLAY_DEATH actor=human male fit full armor
[Sat Oct  3 18:46:04] PHENOTYPE_GAMEPLAY_RESTART actor=stock human male fit dead=0
[Sat Oct  3 18:46:07] PHENOTYPE_GAMEPLAY_RESTART actor=human male fit dead=0
[Sat Oct  3 18:46:08] PHENOTYPE_GAMEPLAY_RESTART actor=human male fit full armor dead=0
[Sat Oct  3 18:46:10] PHENOTYPE_MOTION stock human male fit step=22 enabled=1
[Sat Oct  3 18:46:10] PHENOTYPE_GAMEPLAY_ATTACK stock human male fit targetValid=1 enemy=1 distance=       2.000000000
[Sat Oct  3 18:46:11] PHENOTYPE_GAMEPLAY_HIT actor=stock human male fit damage=4 targetHP=297
[Sat Oct  3 18:46:12] PHENOTYPE_MOTION human male fit step=22 enabled=1
[Sat Oct  3 18:46:12] PHENOTYPE_GAMEPLAY_ATTACK human male fit targetValid=1 enemy=1 distance=       2.000000000
[Sat Oct  3 18:46:12] PHENOTYPE_MOTION human male fit full armor step=22 enabled=1
[Sat Oct  3 18:46:12] PHENOTYPE_GAMEPLAY_ATTACK human male fit full armor targetValid=1 enemy=1 distance=       2.000000000
[Sat Oct  3 18:46:13] PHENOTYPE_GAMEPLAY_HIT actor=human male fit damage=3 targetHP=298
[Sat Oct  3 18:46:13] PHENOTYPE_GAMEPLAY_HIT actor=stock human male fit damage=2 targetHP=295
[Sat Oct  3 18:46:13] PHENOTYPE_GAMEPLAY_HIT actor=human male fit full armor damage=3 targetHP=298
[Sat Oct  3 18:46:15] PHENOTYPE_GAMEPLAY_HIT actor=human male fit damage=4 targetHP=294
[Sat Oct  3 18:46:15] PHENOTYPE_GAMEPLAY_HIT actor=human male fit full armor damage=4 targetHP=294
[Sat Oct  3 18:46:16] PHENOTYPE_GAMEPLAY_HIT actor=stock human male fit damage=8 targetHP=287
[Sat Oct  3 18:46:17] PHENOTYPE_MOTION stock human male fit step=23 enabled=1
[Sat Oct  3 18:46:17] PHENOTYPE_GAMEPLAY_STATE actor=stock human male fit step=23 action=3 targetValid=1 targetHP=287 distance=       2.000000000
[Sat Oct  3 18:46:18] PHENOTYPE_GAMEPLAY_HIT actor=human male fit damage=1 targetHP=293
[Sat Oct  3 18:46:19] PHENOTYPE_GAMEPLAY_HIT actor=human male fit full armor damage=1 targetHP=293
[Sat Oct  3 18:46:19] PHENOTYPE_MOTION human male fit step=23 enabled=1
[Sat Oct  3 18:46:19] PHENOTYPE_GAMEPLAY_STATE actor=human male fit step=23 action=3 targetValid=1 targetHP=293 distance=       2.000000000
[Sat Oct  3 18:46:19] PHENOTYPE_MOTION human male fit full armor step=23 enabled=1
[Sat Oct  3 18:46:19] PHENOTYPE_GAMEPLAY_STATE actor=human male fit full armor step=23 action=3 targetValid=1 targetHP=293 distance=       2.000000000
[Sat Oct  3 18:46:22] PHENOTYPE_GAMEPLAY_HIT actor=stock human male fit damage=2 targetHP=285
[Sat Oct  3 18:46:23] PHENOTYPE_MOTION stock human male fit step=24 enabled=1
[Sat Oct  3 18:46:23] PHENOTYPE_GAMEPLAY_CAST_REQUEST actor=stock human male fit wizardLevel=5 armorFailure=5
[Sat Oct  3 18:46:25] PHENOTYPE_MOTION human male fit step=24 enabled=1
[Sat Oct  3 18:46:25] PHENOTYPE_GAMEPLAY_CAST_REQUEST actor=human male fit wizardLevel=5 armorFailure=5
[Sat Oct  3 18:46:26] PHENOTYPE_MOTION human male fit full armor step=24 enabled=1
[Sat Oct  3 18:46:26] PHENOTYPE_GAMEPLAY_CAST_REQUEST actor=human male fit full armor wizardLevel=5 armorFailure=15
[Sat Oct  3 18:46:26] PHENOTYPE_GAMEPLAY_HIT actor=human male fit full armor damage=3 targetHP=290
[Sat Oct  3 18:46:27] PHENOTYPE_GAMEPLAY_SPELL actor=stock human male fit spell=107
[Sat Oct  3 18:46:28] PHENOTYPE_GAMEPLAY_HIT actor=stock human male fit damage=2 targetHP=283
[Sat Oct  3 18:46:28] PHENOTYPE_GAMEPLAY_HIT actor=stock human male fit damage=4 targetHP=279
[Sat Oct  3 18:46:28] PHENOTYPE_GAMEPLAY_HIT actor=stock human male fit damage=2 targetHP=277
[Sat Oct  3 18:46:28] PHENOTYPE_GAMEPLAY_HIT actor=stock human male fit damage=4 targetHP=273
[Sat Oct  3 18:46:28] PHENOTYPE_GAMEPLAY_HIT actor=stock human male fit damage=2 targetHP=271
[Sat Oct  3 18:46:29] PHENOTYPE_GAMEPLAY_SPELL actor=human male fit spell=107
[Sat Oct  3 18:46:30] PHENOTYPE_MOTION stock human male fit step=25 enabled=1
[Sat Oct  3 18:46:30] PHENOTYPE_GAMEPLAY_STATE actor=stock human male fit step=25 action=4 targetValid=1 targetHP=271 distance=       2.000000000
[Sat Oct  3 18:46:30] PHENOTYPE_GAMEPLAY_HIT actor=human male fit damage=4 targetHP=289
[Sat Oct  3 18:46:30] PHENOTYPE_GAMEPLAY_HIT actor=human male fit damage=4 targetHP=285
[Sat Oct  3 18:46:30] PHENOTYPE_GAMEPLAY_HIT actor=human male fit damage=2 targetHP=283
[Sat Oct  3 18:46:30] PHENOTYPE_GAMEPLAY_HIT actor=human male fit damage=2 targetHP=281
[Sat Oct  3 18:46:30] PHENOTYPE_GAMEPLAY_HIT actor=human male fit damage=2 targetHP=279
[Sat Oct  3 18:46:31] PHENOTYPE_GAMEPLAY_SPELL actor=human male fit full armor spell=107
[Sat Oct  3 18:46:31] PHENOTYPE_GAMEPLAY_HIT actor=human male fit full armor damage=3 targetHP=287
[Sat Oct  3 18:46:31] PHENOTYPE_GAMEPLAY_HIT actor=human male fit full armor damage=2 targetHP=285
[Sat Oct  3 18:46:32] PHENOTYPE_GAMEPLAY_HIT actor=human male fit full armor damage=2 targetHP=283
[Sat Oct  3 18:46:32] PHENOTYPE_GAMEPLAY_HIT actor=human male fit full armor damage=5 targetHP=278
[Sat Oct  3 18:46:32] PHENOTYPE_GAMEPLAY_HIT actor=human male fit full armor damage=4 targetHP=274
[Sat Oct  3 18:46:32] PHENOTYPE_MOTION human male fit step=25 enabled=1
[Sat Oct  3 18:46:32] PHENOTYPE_GAMEPLAY_STATE actor=human male fit step=25 action=4 targetValid=1 targetHP=279 distance=       2.000000000
[Sat Oct  3 18:46:32] PHENOTYPE_MOTION human male fit full armor step=25 enabled=1
[Sat Oct  3 18:46:32] PHENOTYPE_GAMEPLAY_STATE actor=human male fit full armor step=25 action=36 targetValid=1 targetHP=274 distance=       2.000000000
[Sat Oct  3 18:46:33] PHENOTYPE_GAMEPLAY_SPELL actor=stock human male fit spell=107
[Sat Oct  3 18:46:34] PHENOTYPE_GAMEPLAY_HIT actor=stock human male fit damage=3 targetHP=268
[Sat Oct  3 18:46:34] PHENOTYPE_GAMEPLAY_HIT actor=stock human male fit damage=3 targetHP=265
[Sat Oct  3 18:46:34] PHENOTYPE_GAMEPLAY_HIT actor=stock human male fit damage=5 targetHP=260
[Sat Oct  3 18:46:34] PHENOTYPE_GAMEPLAY_HIT actor=stock human male fit damage=4 targetHP=256
[Sat Oct  3 18:46:34] PHENOTYPE_GAMEPLAY_HIT actor=stock human male fit damage=3 targetHP=253
[Sat Oct  3 18:46:35] PHENOTYPE_GAMEPLAY_SPELL actor=human male fit spell=107
[Sat Oct  3 18:46:36] PHENOTYPE_MOTION stock human male fit step=26 enabled=1
[Sat Oct  3 18:46:36] PHENOTYPE_GAMEPLAY_DAMAGE actor=stock human male fit damage=3 hp=107
[Sat Oct  3 18:46:36] PHENOTYPE_GAMEPLAY_HIT actor=human male fit damage=2 targetHP=277
[Sat Oct  3 18:46:36] PHENOTYPE_GAMEPLAY_HIT actor=human male fit damage=2 targetHP=275
[Sat Oct  3 18:46:36] PHENOTYPE_GAMEPLAY_HIT actor=human male fit damage=2 targetHP=273
[Sat Oct  3 18:46:36] PHENOTYPE_GAMEPLAY_HIT actor=human male fit damage=3 targetHP=270
[Sat Oct  3 18:46:36] PHENOTYPE_GAMEPLAY_HIT actor=human male fit damage=2 targetHP=268
[Sat Oct  3 18:46:37] PHENOTYPE_GAMEPLAY_SPELL actor=human male fit full armor spell=107
[Sat Oct  3 18:46:37] PHENOTYPE_GAMEPLAY_HIT actor=human male fit full armor damage=2 targetHP=272
[Sat Oct  3 18:46:38] PHENOTYPE_GAMEPLAY_HIT actor=human male fit full armor damage=3 targetHP=269
[Sat Oct  3 18:46:38] PHENOTYPE_GAMEPLAY_HIT actor=human male fit full armor damage=4 targetHP=265
[Sat Oct  3 18:46:38] PHENOTYPE_GAMEPLAY_HIT actor=human male fit full armor damage=3 targetHP=262
[Sat Oct  3 18:46:38] PHENOTYPE_GAMEPLAY_HIT actor=human male fit full armor damage=5 targetHP=257
[Sat Oct  3 18:46:39] PHENOTYPE_MOTION human male fit full armor step=26 enabled=1
[Sat Oct  3 18:46:39] PHENOTYPE_GAMEPLAY_DAMAGE actor=human male fit full armor damage=3 hp=107
[Sat Oct  3 18:46:39] PHENOTYPE_MOTION human male fit step=26 enabled=1
[Sat Oct  3 18:46:39] PHENOTYPE_GAMEPLAY_DAMAGE actor=human male fit damage=3 hp=107
[Sat Oct  3 18:46:43] PHENOTYPE_MOTION stock human male fit step=27 enabled=1
[Sat Oct  3 18:46:45] PHENOTYPE_MOTION human male fit full armor step=27 enabled=1
[Sat Oct  3 18:46:46] PHENOTYPE_MOTION human male fit step=27 enabled=1
[Sat Oct  3 18:46:49] PHENOTYPE_MOTION stock human male fit step=28 enabled=1
[Sat Oct  3 18:46:49] PHENOTYPE_GAMEPLAY_DEATH actor=stock human male fit
[Sat Oct  3 18:46:51] PHENOTYPE_MOTION human male fit full armor step=28 enabled=1
[Sat Oct  3 18:46:51] PHENOTYPE_GAMEPLAY_DEATH actor=human male fit full armor
[Sat Oct  3 18:46:52] PHENOTYPE_MOTION human male fit step=28 enabled=1
[Sat Oct  3 18:46:52] PHENOTYPE_GAMEPLAY_DEATH actor=human male fit
[Sat Oct  3 18:47:04] PHENOTYPE_GAMEPLAY_RESTART actor=stock human male fit dead=0
[Sat Oct  3 18:47:06] PHENOTYPE_GAMEPLAY_RESTART actor=human male fit full armor dead=0
[Sat Oct  3 18:47:07] PHENOTYPE_GAMEPLAY_RESTART actor=human male fit dead=0
[Sat Oct  3 18:47:08] PHENOTYPE_MOTION stock human male fit step=22 enabled=1
[Sat Oct  3 18:47:08] PHENOTYPE_GAMEPLAY_ATTACK stock human male fit targetValid=1 enemy=1 distance=       2.000000000
[Sat Oct  3 18:47:09] PHENOTYPE_GAMEPLAY_HIT actor=stock human male fit damage=5 targetHP=296
[Sat Oct  3 18:47:11] PHENOTYPE_GAMEPLAY_HIT actor=stock human male fit damage=1 targetHP=295
[Sat Oct  3 18:47:12] PHENOTYPE_MOTION human male fit step=22 enabled=1
[Sat Oct  3 18:47:12] PHENOTYPE_GAMEPLAY_ATTACK human male fit targetValid=1 enemy=1 distance=       2.000000000
[Sat Oct  3 18:47:12] PHENOTYPE_MOTION human male fit full armor step=22 enabled=1
[Sat Oct  3 18:47:12] PHENOTYPE_GAMEPLAY_ATTACK human male fit full armor targetValid=1 enemy=1 distance=       2.000000000
[Sat Oct  3 18:47:13] PHENOTYPE_GAMEPLAY_HIT actor=human male fit full armor damage=5 targetHP=296
[Sat Oct  3 18:47:13] PHENOTYPE_GAMEPLAY_HIT actor=human male fit damage=5 targetHP=296
[Sat Oct  3 18:47:14] PHENOTYPE_GAMEPLAY_HIT actor=stock human male fit damage=8 targetHP=287
[Sat Oct  3 18:47:14] PHENOTYPE_MOTION stock human male fit step=23 enabled=1
[Sat Oct  3 18:47:14] PHENOTYPE_GAMEPLAY_STATE actor=stock human male fit step=23 action=3 targetValid=1 targetHP=287 distance=       2.000000000
[Sat Oct  3 18:47:15] PHENOTYPE_GAMEPLAY_HIT actor=human male fit full armor damage=8 targetHP=288
[Sat Oct  3 18:47:15] PHENOTYPE_GAMEPLAY_HIT actor=human male fit damage=6 targetHP=290
[Sat Oct  3 18:47:16] PHENOTYPE_GAMEPLAY_HIT actor=stock human male fit damage=6 targetHP=281
[Sat Oct  3 18:47:19] PHENOTYPE_GAMEPLAY_HIT actor=human male fit full armor damage=7 targetHP=281
[Sat Oct  3 18:47:19] PHENOTYPE_GAMEPLAY_HIT actor=human male fit damage=6 targetHP=284
[Sat Oct  3 18:47:19] PHENOTYPE_MOTION human male fit step=23 enabled=1
[Sat Oct  3 18:47:19] PHENOTYPE_GAMEPLAY_STATE actor=human male fit step=23 action=3 targetValid=1 targetHP=284 distance=       2.000000000
[Sat Oct  3 18:47:19] PHENOTYPE_MOTION human male fit full armor step=23 enabled=1
[Sat Oct  3 18:47:19] PHENOTYPE_GAMEPLAY_STATE actor=human male fit full armor step=23 action=3 targetValid=1 targetHP=281 distance=       2.000000000
[Sat Oct  3 18:47:20] PHENOTYPE_GAMEPLAY_HIT actor=stock human male fit damage=7 targetHP=274
[Sat Oct  3 18:47:21] PHENOTYPE_MOTION stock human male fit step=24 enabled=1
[Sat Oct  3 18:47:21] PHENOTYPE_GAMEPLAY_CAST_REQUEST actor=stock human male fit wizardLevel=5 armorFailure=5
[Sat Oct  3 18:47:21] PHENOTYPE_GAMEPLAY_HIT actor=human male fit full armor damage=4 targetHP=277
[Sat Oct  3 18:47:21] PHENOTYPE_GAMEPLAY_HIT actor=human male fit damage=1 targetHP=283
[Sat Oct  3 18:47:24] PHENOTYPE_GAMEPLAY_HIT actor=human male fit full armor damage=5 targetHP=272
[Sat Oct  3 18:47:24] PHENOTYPE_GAMEPLAY_HIT actor=human male fit damage=5 targetHP=278
[Sat Oct  3 18:47:25] PHENOTYPE_MOTION human male fit step=24 enabled=1
[Sat Oct  3 18:47:25] PHENOTYPE_GAMEPLAY_CAST_REQUEST actor=human male fit wizardLevel=5 armorFailure=5
[Sat Oct  3 18:47:25] PHENOTYPE_GAMEPLAY_SPELL actor=stock human male fit spell=107
[Sat Oct  3 18:47:26] PHENOTYPE_MOTION human male fit full armor step=24 enabled=1
[Sat Oct  3 18:47:26] PHENOTYPE_GAMEPLAY_CAST_REQUEST actor=human male fit full armor wizardLevel=5 armorFailure=15
[Sat Oct  3 18:47:26] PHENOTYPE_GAMEPLAY_HIT actor=stock human male fit damage=3 targetHP=271
[Sat Oct  3 18:47:26] PHENOTYPE_GAMEPLAY_HIT actor=stock human male fit damage=3 targetHP=268
[Sat Oct  3 18:47:26] PHENOTYPE_GAMEPLAY_HIT actor=stock human male fit damage=3 targetHP=265
[Sat Oct  3 18:47:26] PHENOTYPE_GAMEPLAY_HIT actor=stock human male fit damage=3 targetHP=262
[Sat Oct  3 18:47:26] PHENOTYPE_GAMEPLAY_HIT actor=stock human male fit damage=2 targetHP=260
[Sat Oct  3 18:47:27] PHENOTYPE_MOTION stock human male fit step=25 enabled=1
[Sat Oct  3 18:47:27] PHENOTYPE_GAMEPLAY_STATE actor=stock human male fit step=25 action=4 targetValid=1 targetHP=260 distance=       2.000000000
[Sat Oct  3 18:47:30] PHENOTYPE_GAMEPLAY_SPELL actor=human male fit spell=107
[Sat Oct  3 18:47:30] PHENOTYPE_GAMEPLAY_SPELL actor=human male fit full armor spell=107
[Sat Oct  3 18:47:30] PHENOTYPE_GAMEPLAY_HIT actor=human male fit damage=2 targetHP=276
[Sat Oct  3 18:47:30] PHENOTYPE_GAMEPLAY_HIT actor=human male fit full armor damage=5 targetHP=267
[Sat Oct  3 18:47:31] PHENOTYPE_GAMEPLAY_HIT actor=human male fit damage=4 targetHP=272
[Sat Oct  3 18:47:31] PHENOTYPE_GAMEPLAY_HIT actor=human male fit full armor damage=2 targetHP=265
[Sat Oct  3 18:47:31] PHENOTYPE_GAMEPLAY_HIT actor=human male fit damage=4 targetHP=268
[Sat Oct  3 18:47:31] PHENOTYPE_GAMEPLAY_HIT actor=human male fit full armor damage=4 targetHP=261
[Sat Oct  3 18:47:31] PHENOTYPE_GAMEPLAY_HIT actor=human male fit damage=2 targetHP=266
[Sat Oct  3 18:47:31] PHENOTYPE_GAMEPLAY_HIT actor=human male fit full armor damage=2 targetHP=259
[Sat Oct  3 18:47:31] PHENOTYPE_GAMEPLAY_HIT actor=human male fit damage=3 targetHP=263
[Sat Oct  3 18:47:31] PHENOTYPE_GAMEPLAY_HIT actor=human male fit full armor damage=5 targetHP=254
[Sat Oct  3 18:47:31] PHENOTYPE_GAMEPLAY_SPELL actor=stock human male fit spell=107
[Sat Oct  3 18:47:32] PHENOTYPE_MOTION human male fit step=25 enabled=1
[Sat Oct  3 18:47:32] PHENOTYPE_GAMEPLAY_STATE actor=human male fit step=25 action=4 targetValid=1 targetHP=263 distance=       2.000000000
[Sat Oct  3 18:47:32] PHENOTYPE_GAMEPLAY_HIT actor=stock human male fit damage=5 targetHP=255
[Sat Oct  3 18:47:32] PHENOTYPE_GAMEPLAY_HIT actor=stock human male fit damage=2 targetHP=253
[Sat Oct  3 18:47:32] PHENOTYPE_GAMEPLAY_HIT actor=stock human male fit damage=4 targetHP=249
[Sat Oct  3 18:47:32] PHENOTYPE_GAMEPLAY_HIT actor=stock human male fit damage=4 targetHP=245
[Sat Oct  3 18:47:32] PHENOTYPE_GAMEPLAY_HIT actor=stock human male fit damage=2 targetHP=243
[Sat Oct  3 18:47:32] PHENOTYPE_MOTION human male fit full armor step=25 enabled=1
[Sat Oct  3 18:47:32] PHENOTYPE_GAMEPLAY_STATE actor=human male fit full armor step=25 action=4 targetValid=1 targetHP=254 distance=       2.000000238
[Sat Oct  3 18:47:34] PHENOTYPE_MOTION stock human male fit step=26 enabled=1
[Sat Oct  3 18:47:34] PHENOTYPE_GAMEPLAY_DAMAGE actor=stock human male fit damage=3 hp=107
[Sat Oct  3 18:47:36] PHENOTYPE_GAMEPLAY_SPELL actor=human male fit spell=107
[Sat Oct  3 18:47:36] PHENOTYPE_GAMEPLAY_SPELL actor=human male fit full armor spell=107
[Sat Oct  3 18:47:36] PHENOTYPE_GAMEPLAY_HIT actor=human male fit damage=2 targetHP=261
[Sat Oct  3 18:47:37] PHENOTYPE_GAMEPLAY_HIT actor=human male fit full armor damage=5 targetHP=249
[Sat Oct  3 18:47:37] PHENOTYPE_GAMEPLAY_HIT actor=human male fit damage=5 targetHP=256
[Sat Oct  3 18:47:37] PHENOTYPE_GAMEPLAY_HIT actor=human male fit full armor damage=5 targetHP=244
[Sat Oct  3 18:47:37] PHENOTYPE_GAMEPLAY_HIT actor=human male fit damage=3 targetHP=253
[Sat Oct  3 18:47:37] PHENOTYPE_GAMEPLAY_HIT actor=human male fit full armor damage=5 targetHP=239
[Sat Oct  3 18:47:37] PHENOTYPE_GAMEPLAY_HIT actor=human male fit damage=4 targetHP=249
[Sat Oct  3 18:47:37] PHENOTYPE_GAMEPLAY_HIT actor=human male fit full armor damage=3 targetHP=236
[Sat Oct  3 18:47:37] PHENOTYPE_GAMEPLAY_HIT actor=human male fit damage=4 targetHP=245
[Sat Oct  3 18:47:37] PHENOTYPE_GAMEPLAY_HIT actor=human male fit full armor damage=4 targetHP=232
[Sat Oct  3 18:47:39] PHENOTYPE_MOTION human male fit step=26 enabled=1
[Sat Oct  3 18:47:39] PHENOTYPE_GAMEPLAY_DAMAGE actor=human male fit damage=3 hp=107
[Sat Oct  3 18:47:39] PHENOTYPE_MOTION human male fit full armor step=26 enabled=1
[Sat Oct  3 18:47:39] PHENOTYPE_GAMEPLAY_DAMAGE actor=human male fit full armor damage=3 hp=107
[Sat Oct  3 18:47:41] PHENOTYPE_MOTION stock human male fit step=27 enabled=1
[Sat Oct  3 18:47:45] PHENOTYPE_MOTION human male fit step=27 enabled=1
[Sat Oct  3 18:47:45] PHENOTYPE_MOTION human male fit full armor step=27 enabled=1
[Sat Oct  3 18:47:48] PHENOTYPE_MOTION stock human male fit step=28 enabled=1
[Sat Oct  3 18:47:48] PHENOTYPE_GAMEPLAY_DEATH actor=stock human male fit
[Sat Oct  3 18:47:52] PHENOTYPE_MOTION human male fit full armor step=28 enabled=1
[Sat Oct  3 18:47:52] PHENOTYPE_GAMEPLAY_DEATH actor=human male fit full armor
[Sat Oct  3 18:47:52] PHENOTYPE_MOTION human male fit step=28 enabled=1
[Sat Oct  3 18:47:52] PHENOTYPE_GAMEPLAY_DEATH actor=human male fit
[Sat Oct  3 18:48:03] PHENOTYPE_GAMEPLAY_RESTART actor=stock human male fit dead=0
[Sat Oct  3 18:48:07] PHENOTYPE_GAMEPLAY_RESTART actor=human male fit full armor dead=0
[Sat Oct  3 18:48:07] PHENOTYPE_GAMEPLAY_RESTART actor=human male fit dead=0
[Sat Oct  3 18:48:08] PHENOTYPE_MOTION stock human male fit step=22 enabled=1
[Sat Oct  3 18:48:08] PHENOTYPE_GAMEPLAY_ATTACK stock human male fit targetValid=1 enemy=1 distance=       2.000000000
[Sat Oct  3 18:48:09] PHENOTYPE_GAMEPLAY_HIT actor=stock human male fit damage=2 targetHP=299
[Sat Oct  3 18:48:11] PHENOTYPE_GAMEPLAY_HIT actor=stock human male fit damage=3 targetHP=296
[Sat Oct  3 18:48:12] PHENOTYPE_MOTION human male fit step=22 enabled=1
[Sat Oct  3 18:48:12] PHENOTYPE_GAMEPLAY_ATTACK human male fit targetValid=1 enemy=1 distance=       2.000000000
[Sat Oct  3 18:48:12] PHENOTYPE_MOTION human male fit full armor step=22 enabled=1
[Sat Oct  3 18:48:12] PHENOTYPE_GAMEPLAY_ATTACK human male fit full armor targetValid=1 enemy=1 distance=       2.000000000
[Sat Oct  3 18:48:13] PHENOTYPE_GAMEPLAY_HIT actor=human male fit damage=6 targetHP=295
[Sat Oct  3 18:48:13] PHENOTYPE_GAMEPLAY_HIT actor=human male fit full armor damage=3 targetHP=298
[Sat Oct  3 18:48:14] PHENOTYPE_MOTION stock human male fit step=23 enabled=1
[Sat Oct  3 18:48:14] PHENOTYPE_GAMEPLAY_STATE actor=stock human male fit step=23 action=3 targetValid=1 targetHP=296 distance=       2.000000000
[Sat Oct  3 18:48:14] PHENOTYPE_GAMEPLAY_HIT actor=stock human male fit damage=9 targetHP=287
[Sat Oct  3 18:48:15] PHENOTYPE_GAMEPLAY_HIT actor=human male fit damage=6 targetHP=289
[Sat Oct  3 18:48:15] PHENOTYPE_GAMEPLAY_HIT actor=human male fit full armor damage=7 targetHP=291
[Sat Oct  3 18:48:17] PHENOTYPE_GAMEPLAY_HIT actor=stock human male fit damage=3 targetHP=284
[Sat Oct  3 18:48:19] PHENOTYPE_GAMEPLAY_HIT actor=human male fit damage=5 targetHP=284
[Sat Oct  3 18:48:19] PHENOTYPE_GAMEPLAY_HIT actor=human male fit full armor damage=6 targetHP=285
[Sat Oct  3 18:48:19] PHENOTYPE_MOTION human male fit step=23 enabled=1
[Sat Oct  3 18:48:19] PHENOTYPE_GAMEPLAY_STATE actor=human male fit step=23 action=3 targetValid=1 targetHP=284 distance=       2.000000000
[Sat Oct  3 18:48:19] PHENOTYPE_MOTION human male fit full armor step=23 enabled=1
[Sat Oct  3 18:48:19] PHENOTYPE_GAMEPLAY_STATE actor=human male fit full armor step=23 action=3 targetValid=1 targetHP=285 distance=       2.000000000
[Sat Oct  3 18:48:20] PHENOTYPE_GAMEPLAY_HIT actor=stock human male fit damage=7 targetHP=277
[Sat Oct  3 18:48:20] PHENOTYPE_MOTION stock human male fit step=24 enabled=1
[Sat Oct  3 18:48:20] PHENOTYPE_GAMEPLAY_CAST_REQUEST actor=stock human male fit wizardLevel=5 armorFailure=5
[Sat Oct  3 18:48:21] PHENOTYPE_GAMEPLAY_HIT actor=human male fit damage=8 targetHP=276
[Sat Oct  3 18:48:21] PHENOTYPE_GAMEPLAY_HIT actor=human male fit full armor damage=8 targetHP=277
[Sat Oct  3 18:48:24] PHENOTYPE_GAMEPLAY_HIT actor=human male fit damage=4 targetHP=272
[Sat Oct  3 18:48:24] PHENOTYPE_GAMEPLAY_HIT actor=human male fit full armor damage=7 targetHP=270
[Sat Oct  3 18:48:25] PHENOTYPE_MOTION human male fit step=24 enabled=1
[Sat Oct  3 18:48:25] PHENOTYPE_GAMEPLAY_CAST_REQUEST actor=human male fit wizardLevel=5 armorFailure=5
[Sat Oct  3 18:48:25] PHENOTYPE_GAMEPLAY_SPELL actor=stock human male fit spell=107
[Sat Oct  3 18:48:26] PHENOTYPE_GAMEPLAY_HIT actor=stock human male fit damage=2 targetHP=275
[Sat Oct  3 18:48:26] PHENOTYPE_MOTION human male fit full armor step=24 enabled=1
[Sat Oct  3 18:48:26] PHENOTYPE_GAMEPLAY_CAST_REQUEST actor=human male fit full armor wizardLevel=5 armorFailure=15
[Sat Oct  3 18:48:26] PHENOTYPE_GAMEPLAY_HIT actor=stock human male fit damage=4 targetHP=271
[Sat Oct  3 18:48:26] PHENOTYPE_GAMEPLAY_HIT actor=stock human male fit damage=4 targetHP=267
[Sat Oct  3 18:48:26] PHENOTYPE_MOTION stock human male fit step=25 enabled=1
[Sat Oct  3 18:48:26] PHENOTYPE_GAMEPLAY_STATE actor=stock human male fit step=25 action=4 targetValid=1 targetHP=267 distance=       1.999999523
[Sat Oct  3 18:48:26] PHENOTYPE_GAMEPLAY_HIT actor=stock human male fit damage=3 targetHP=264
[Sat Oct  3 18:48:26] PHENOTYPE_GAMEPLAY_HIT actor=stock human male fit damage=2 targetHP=262
[Sat Oct  3 18:48:29] PHENOTYPE_GAMEPLAY_SPELL actor=human male fit spell=107
[Sat Oct  3 18:48:30] PHENOTYPE_GAMEPLAY_SPELL actor=human male fit full armor spell=107
[Sat Oct  3 18:48:30] PHENOTYPE_GAMEPLAY_HIT actor=human male fit damage=3 targetHP=269
[Sat Oct  3 18:48:30] PHENOTYPE_GAMEPLAY_HIT actor=human male fit damage=5 targetHP=264
[Sat Oct  3 18:48:30] PHENOTYPE_GAMEPLAY_HIT actor=human male fit damage=4 targetHP=260
[Sat Oct  3 18:48:30] PHENOTYPE_GAMEPLAY_HIT actor=human male fit full armor damage=5 targetHP=265
[Sat Oct  3 18:48:30] PHENOTYPE_GAMEPLAY_HIT actor=human male fit damage=4 targetHP=256
[Sat Oct  3 18:48:30] PHENOTYPE_GAMEPLAY_HIT actor=human male fit full armor damage=2 targetHP=263
[Sat Oct  3 18:48:30] PHENOTYPE_GAMEPLAY_HIT actor=human male fit damage=4 targetHP=252
[Sat Oct  3 18:48:31] PHENOTYPE_GAMEPLAY_HIT actor=human male fit full armor damage=2 targetHP=261
[Sat Oct  3 18:48:31] PHENOTYPE_GAMEPLAY_HIT actor=human male fit full armor damage=3 targetHP=258
[Sat Oct  3 18:48:31] PHENOTYPE_GAMEPLAY_HIT actor=human male fit full armor damage=5 targetHP=253
[Sat Oct  3 18:48:31] PHENOTYPE_GAMEPLAY_SPELL actor=stock human male fit spell=107
[Sat Oct  3 18:48:31] PHENOTYPE_MOTION human male fit step=25 enabled=1
[Sat Oct  3 18:48:31] PHENOTYPE_GAMEPLAY_STATE actor=human male fit step=25 action=4 targetValid=1 targetHP=252 distance=       2.000000000
[Sat Oct  3 18:48:32] PHENOTYPE_GAMEPLAY_HIT actor=stock human male fit damage=2 targetHP=260
[Sat Oct  3 18:48:32] PHENOTYPE_GAMEPLAY_HIT actor=stock human male fit damage=2 targetHP=258
[Sat Oct  3 18:48:32] PHENOTYPE_MOTION human male fit full armor step=25 enabled=1
[Sat Oct  3 18:48:32] PHENOTYPE_GAMEPLAY_STATE actor=human male fit full armor step=25 action=4 targetValid=1 targetHP=253 distance=       2.000000000
[Sat Oct  3 18:48:32] PHENOTYPE_GAMEPLAY_HIT actor=stock human male fit damage=5 targetHP=253
[Sat Oct  3 18:48:32] PHENOTYPE_GAMEPLAY_HIT actor=stock human male fit damage=4 targetHP=249
[Sat Oct  3 18:48:32] PHENOTYPE_GAMEPLAY_HIT actor=stock human male fit damage=5 targetHP=244
[Sat Oct  3 18:48:33] PHENOTYPE_MOTION stock human male fit step=26 enabled=1
[Sat Oct  3 18:48:33] PHENOTYPE_GAMEPLAY_DAMAGE actor=stock human male fit damage=3 hp=107
[Sat Oct  3 18:48:35] PHENOTYPE_GAMEPLAY_SPELL actor=human male fit spell=107
[Sat Oct  3 18:48:36] PHENOTYPE_GAMEPLAY_SPELL actor=human male fit full armor spell=107
[Sat Oct  3 18:48:36] PHENOTYPE_GAMEPLAY_HIT actor=human male fit damage=2 targetHP=250
[Sat Oct  3 18:48:36] PHENOTYPE_GAMEPLAY_HIT actor=human male fit damage=5 targetHP=245
[Sat Oct  3 18:48:36] PHENOTYPE_GAMEPLAY_HIT actor=human male fit damage=2 targetHP=243
[Sat Oct  3 18:48:36] PHENOTYPE_GAMEPLAY_HIT actor=human male fit damage=3 targetHP=240
[Sat Oct  3 18:48:36] PHENOTYPE_GAMEPLAY_HIT actor=human male fit full armor damage=4 targetHP=249
[Sat Oct  3 18:48:36] PHENOTYPE_GAMEPLAY_HIT actor=human male fit damage=2 targetHP=238
[Sat Oct  3 18:48:36] PHENOTYPE_GAMEPLAY_HIT actor=human male fit full armor damage=3 targetHP=246
[Sat Oct  3 18:48:37] PHENOTYPE_GAMEPLAY_HIT actor=human male fit full armor damage=4 targetHP=242
[Sat Oct  3 18:48:37] PHENOTYPE_GAMEPLAY_HIT actor=human male fit full armor damage=2 targetHP=240
[Sat Oct  3 18:48:37] PHENOTYPE_GAMEPLAY_HIT actor=human male fit full armor damage=4 targetHP=236
[Sat Oct  3 18:48:38] PHENOTYPE_MOTION human male fit step=26 enabled=1
[Sat Oct  3 18:48:38] PHENOTYPE_GAMEPLAY_DAMAGE actor=human male fit damage=3 hp=107
[Sat Oct  3 18:48:38] PHENOTYPE_MOTION human male fit full armor step=26 enabled=1
[Sat Oct  3 18:48:38] PHENOTYPE_GAMEPLAY_DAMAGE actor=human male fit full armor damage=3 hp=107
[Sat Oct  3 18:48:39] PHENOTYPE_MOTION stock human male fit step=27 enabled=1
[Sat Oct  3 18:48:44] PHENOTYPE_MOTION human male fit step=27 enabled=1
[Sat Oct  3 18:48:45] PHENOTYPE_MOTION human male fit full armor step=27 enabled=1
[Sat Oct  3 18:48:45] PHENOTYPE_MOTION stock human male fit step=28 enabled=1
[Sat Oct  3 18:48:45] PHENOTYPE_GAMEPLAY_DEATH actor=stock human male fit
[Sat Oct  3 18:48:50] PHENOTYPE_MOTION human male fit step=28 enabled=1
[Sat Oct  3 18:48:50] PHENOTYPE_GAMEPLAY_DEATH actor=human male fit
[Sat Oct  3 18:48:51] PHENOTYPE_MOTION human male fit full armor step=28 enabled=1
[Sat Oct  3 18:48:51] PHENOTYPE_GAMEPLAY_DEATH actor=human male fit full armor
[Sat Oct  3 18:49:00] PHENOTYPE_GAMEPLAY_RESTART actor=stock human male fit dead=0
[Sat Oct  3 18:49:05] PHENOTYPE_GAMEPLAY_RESTART actor=human male fit dead=0
[Sat Oct  3 18:49:06] PHENOTYPE_MOTION stock human male fit step=22 enabled=1
[Sat Oct  3 18:49:06] PHENOTYPE_GAMEPLAY_ATTACK stock human male fit targetValid=1 enemy=1 distance=       2.000000000
[Sat Oct  3 18:49:07] PHENOTYPE_GAMEPLAY_RESTART actor=human male fit full armor dead=0
[Sat Oct  3 18:49:07] PHENOTYPE_GAMEPLAY_HIT actor=stock human male fit damage=7 targetHP=294
[Sat Oct  3 18:49:10] PHENOTYPE_MOTION human male fit step=22 enabled=1
[Sat Oct  3 18:49:10] PHENOTYPE_GAMEPLAY_ATTACK human male fit targetValid=1 enemy=1 distance=       2.000000000
[Sat Oct  3 18:49:11] PHENOTYPE_GAMEPLAY_HIT actor=human male fit damage=15 targetHP=286
[Sat Oct  3 18:49:11] PHENOTYPE_MOTION human male fit full armor step=22 enabled=1
[Sat Oct  3 18:49:11] PHENOTYPE_GAMEPLAY_ATTACK human male fit full armor targetValid=1 enemy=1 distance=       2.000000000
[Sat Oct  3 18:49:12] PHENOTYPE_GAMEPLAY_HIT actor=human male fit full armor damage=5 targetHP=296
[Sat Oct  3 18:49:12] PHENOTYPE_GAMEPLAY_HIT actor=stock human male fit damage=5 targetHP=289
[Sat Oct  3 18:49:13] PHENOTYPE_MOTION stock human male fit step=23 enabled=1
[Sat Oct  3 18:49:13] PHENOTYPE_GAMEPLAY_STATE actor=stock human male fit step=23 action=3 targetValid=1 targetHP=289 distance=       2.000000000
[Sat Oct  3 18:49:13] PHENOTYPE_GAMEPLAY_HIT actor=human male fit damage=8 targetHP=278
[Sat Oct  3 18:49:14] PHENOTYPE_GAMEPLAY_HIT actor=human male fit full armor damage=5 targetHP=291
[Sat Oct  3 18:49:16] PHENOTYPE_GAMEPLAY_HIT actor=human male fit damage=6 targetHP=272
[Sat Oct  3 18:49:17] PHENOTYPE_MOTION human male fit step=23 enabled=1
[Sat Oct  3 18:49:17] PHENOTYPE_GAMEPLAY_STATE actor=human male fit step=23 action=3 targetValid=1 targetHP=272 distance=       2.000000000
[Sat Oct  3 18:49:17] PHENOTYPE_GAMEPLAY_HIT actor=human male fit full armor damage=7 targetHP=284
[Sat Oct  3 18:49:17] PHENOTYPE_MOTION human male fit full armor step=23 enabled=1
[Sat Oct  3 18:49:17] PHENOTYPE_GAMEPLAY_STATE actor=human male fit full armor step=23 action=3 targetValid=1 targetHP=284 distance=       2.000000238
[Sat Oct  3 18:49:18] PHENOTYPE_GAMEPLAY_HIT actor=stock human male fit damage=1 targetHP=288
[Sat Oct  3 18:49:18] PHENOTYPE_GAMEPLAY_HIT actor=human male fit damage=3 targetHP=269
[Sat Oct  3 18:49:19] PHENOTYPE_MOTION stock human male fit step=24 enabled=1
[Sat Oct  3 18:49:19] PHENOTYPE_GAMEPLAY_CAST_REQUEST actor=stock human male fit wizardLevel=5 armorFailure=5
[Sat Oct  3 18:49:22] PHENOTYPE_GAMEPLAY_HIT actor=human male fit damage=8 targetHP=261
[Sat Oct  3 18:49:23] PHENOTYPE_GAMEPLAY_HIT actor=human male fit full armor damage=6 targetHP=278
[Sat Oct  3 18:49:23] PHENOTYPE_GAMEPLAY_SPELL actor=stock human male fit spell=107
[Sat Oct  3 18:49:23] PHENOTYPE_MOTION human male fit step=24 enabled=1
[Sat Oct  3 18:49:23] PHENOTYPE_GAMEPLAY_CAST_REQUEST actor=human male fit wizardLevel=5 armorFailure=5
[Sat Oct  3 18:49:24] PHENOTYPE_GAMEPLAY_HIT actor=stock human male fit damage=3 targetHP=285
[Sat Oct  3 18:49:24] PHENOTYPE_MOTION human male fit full armor step=24 enabled=1
[Sat Oct  3 18:49:24] PHENOTYPE_GAMEPLAY_CAST_REQUEST actor=human male fit full armor wizardLevel=5 armorFailure=15
[Sat Oct  3 18:49:24] PHENOTYPE_GAMEPLAY_HIT actor=stock human male fit damage=4 targetHP=281
[Sat Oct  3 18:49:24] PHENOTYPE_GAMEPLAY_HIT actor=stock human male fit damage=5 targetHP=276
[Sat Oct  3 18:49:24] PHENOTYPE_GAMEPLAY_HIT actor=stock human male fit damage=3 targetHP=273
[Sat Oct  3 18:49:24] PHENOTYPE_GAMEPLAY_HIT actor=stock human male fit damage=5 targetHP=268
[Sat Oct  3 18:49:25] PHENOTYPE_MOTION stock human male fit step=25 enabled=1
[Sat Oct  3 18:49:25] PHENOTYPE_GAMEPLAY_STATE actor=stock human male fit step=25 action=4 targetValid=1 targetHP=268 distance=       2.000000000
[Sat Oct  3 18:49:28] PHENOTYPE_GAMEPLAY_SPELL actor=human male fit spell=107
[Sat Oct  3 18:49:28] PHENOTYPE_GAMEPLAY_SPELL actor=human male fit full armor spell=107
[Sat Oct  3 18:49:29] PHENOTYPE_GAMEPLAY_HIT actor=human male fit damage=2 targetHP=259
[Sat Oct  3 18:49:29] PHENOTYPE_GAMEPLAY_HIT actor=human male fit damage=3 targetHP=256
[Sat Oct  3 18:49:29] PHENOTYPE_GAMEPLAY_HIT actor=human male fit damage=5 targetHP=251
[Sat Oct  3 18:49:29] PHENOTYPE_GAMEPLAY_HIT actor=human male fit full armor damage=4 targetHP=274
[Sat Oct  3 18:49:29] PHENOTYPE_GAMEPLAY_HIT actor=human male fit damage=3 targetHP=248
[Sat Oct  3 18:49:29] PHENOTYPE_GAMEPLAY_HIT actor=human male fit full armor damage=5 targetHP=269
[Sat Oct  3 18:49:29] PHENOTYPE_GAMEPLAY_HIT actor=human male fit damage=4 targetHP=244
[Sat Oct  3 18:49:29] PHENOTYPE_GAMEPLAY_HIT actor=human male fit full armor damage=4 targetHP=265
[Sat Oct  3 18:49:29] PHENOTYPE_GAMEPLAY_SPELL actor=stock human male fit spell=107
[Sat Oct  3 18:49:29] PHENOTYPE_GAMEPLAY_HIT actor=human male fit full armor damage=4 targetHP=261
[Sat Oct  3 18:49:29] PHENOTYPE_GAMEPLAY_HIT actor=human male fit full armor damage=3 targetHP=258
[Sat Oct  3 18:49:30] PHENOTYPE_GAMEPLAY_HIT actor=stock human male fit damage=4 targetHP=264
[Sat Oct  3 18:49:30] PHENOTYPE_GAMEPLAY_HIT actor=stock human male fit damage=2 targetHP=262
[Sat Oct  3 18:49:30] PHENOTYPE_MOTION human male fit step=25 enabled=1
[Sat Oct  3 18:49:30] PHENOTYPE_GAMEPLAY_STATE actor=human male fit step=25 action=4 targetValid=1 targetHP=244 distance=       1.999999523
[Sat Oct  3 18:49:30] PHENOTYPE_GAMEPLAY_HIT actor=stock human male fit damage=5 targetHP=257
[Sat Oct  3 18:49:30] PHENOTYPE_GAMEPLAY_HIT actor=stock human male fit damage=2 targetHP=255
[Sat Oct  3 18:49:30] PHENOTYPE_GAMEPLAY_HIT actor=stock human male fit damage=2 targetHP=253
[Sat Oct  3 18:49:30] PHENOTYPE_MOTION human male fit full armor step=25 enabled=1
[Sat Oct  3 18:49:30] PHENOTYPE_GAMEPLAY_STATE actor=human male fit full armor step=25 action=4 targetValid=1 targetHP=258 distance=       2.000000238
[Sat Oct  3 18:49:32] PHENOTYPE_MOTION stock human male fit step=26 enabled=1
[Sat Oct  3 18:49:32] PHENOTYPE_GAMEPLAY_DAMAGE actor=stock human male fit damage=3 hp=107
[Sat Oct  3 18:49:34] PHENOTYPE_GAMEPLAY_SPELL actor=human male fit spell=107
[Sat Oct  3 18:49:34] PHENOTYPE_GAMEPLAY_SPELL actor=human male fit full armor spell=107
[Sat Oct  3 18:49:35] PHENOTYPE_GAMEPLAY_HIT actor=human male fit damage=3 targetHP=241
[Sat Oct  3 18:49:35] PHENOTYPE_GAMEPLAY_HIT actor=human male fit damage=2 targetHP=239
[Sat Oct  3 18:49:35] PHENOTYPE_GAMEPLAY_HIT actor=human male fit damage=3 targetHP=236
[Sat Oct  3 18:49:35] PHENOTYPE_GAMEPLAY_HIT actor=human male fit full armor damage=2 targetHP=256
[Sat Oct  3 18:49:35] PHENOTYPE_GAMEPLAY_HIT actor=human male fit damage=3 targetHP=233
[Sat Oct  3 18:49:35] PHENOTYPE_GAMEPLAY_HIT actor=human male fit full armor damage=5 targetHP=251
[Sat Oct  3 18:49:35] PHENOTYPE_GAMEPLAY_HIT actor=human male fit damage=2 targetHP=231
[Sat Oct  3 18:49:35] PHENOTYPE_GAMEPLAY_HIT actor=human male fit full armor damage=2 targetHP=249
[Sat Oct  3 18:49:35] PHENOTYPE_GAMEPLAY_HIT actor=human male fit full armor damage=2 targetHP=247
[Sat Oct  3 18:49:35] PHENOTYPE_GAMEPLAY_HIT actor=human male fit full armor damage=2 targetHP=245
[Sat Oct  3 18:49:37] PHENOTYPE_MOTION human male fit full armor step=26 enabled=1
[Sat Oct  3 18:49:37] PHENOTYPE_GAMEPLAY_DAMAGE actor=human male fit full armor damage=3 hp=107
[Sat Oct  3 18:49:37] PHENOTYPE_MOTION human male fit step=26 enabled=1
[Sat Oct  3 18:49:37] PHENOTYPE_GAMEPLAY_DAMAGE actor=human male fit damage=3 hp=107
[Sat Oct  3 18:49:39] PHENOTYPE_MOTION stock human male fit step=27 enabled=1
[Sat Oct  3 18:49:44] PHENOTYPE_MOTION human male fit full armor step=27 enabled=1
[Sat Oct  3 18:49:44] PHENOTYPE_MOTION human male fit step=27 enabled=1
[Sat Oct  3 18:49:46] PHENOTYPE_MOTION stock human male fit step=28 enabled=1
[Sat Oct  3 18:49:46] PHENOTYPE_GAMEPLAY_DEATH actor=stock human male fit
[Sat Oct  3 18:49:50] PHENOTYPE_MOTION human male fit full armor step=28 enabled=1
[Sat Oct  3 18:49:50] PHENOTYPE_GAMEPLAY_DEATH actor=human male fit full armor
[Sat Oct  3 18:49:51] PHENOTYPE_MOTION human male fit step=28 enabled=1
[Sat Oct  3 18:49:51] PHENOTYPE_GAMEPLAY_DEATH actor=human male fit
[Sat Oct  3 18:50:01] PHENOTYPE_GAMEPLAY_RESTART actor=stock human male fit dead=0
[Sat Oct  3 18:50:05] PHENOTYPE_MOTION stock human male fit step=22 enabled=1
[Sat Oct  3 18:50:05] PHENOTYPE_GAMEPLAY_ATTACK stock human male fit targetValid=1 enemy=1 distance=       2.000000000
[Sat Oct  3 18:50:05] PHENOTYPE_GAMEPLAY_RESTART actor=human male fit full armor dead=0
[Sat Oct  3 18:50:06] PHENOTYPE_GAMEPLAY_HIT actor=stock human male fit damage=3 targetHP=298
[Sat Oct  3 18:50:06] PHENOTYPE_GAMEPLAY_RESTART actor=human male fit dead=0
[Sat Oct  3 18:50:08] PHENOTYPE_GAMEPLAY_HIT actor=stock human male fit damage=6 targetHP=292
[Sat Oct  3 18:50:10] PHENOTYPE_MOTION human male fit full armor step=22 enabled=1
[Sat Oct  3 18:50:10] PHENOTYPE_GAMEPLAY_ATTACK human male fit full armor targetValid=1 enemy=1 distance=       2.000000000
[Sat Oct  3 18:50:11] PHENOTYPE_MOTION human male fit step=22 enabled=1
[Sat Oct  3 18:50:11] PHENOTYPE_GAMEPLAY_ATTACK human male fit targetValid=1 enemy=1 distance=       2.000000000
[Sat Oct  3 18:50:11] PHENOTYPE_GAMEPLAY_HIT actor=human male fit full armor damage=8 targetHP=293
[Sat Oct  3 18:50:11] PHENOTYPE_MOTION stock human male fit step=23 enabled=1
[Sat Oct  3 18:50:11] PHENOTYPE_GAMEPLAY_STATE actor=stock human male fit step=23 action=3 targetValid=1 targetHP=292 distance=       2.000000000
[Sat Oct  3 18:50:11] PHENOTYPE_GAMEPLAY_HIT actor=stock human male fit damage=4 targetHP=288
[Sat Oct  3 18:50:11] PHENOTYPE_GAMEPLAY_HIT actor=human male fit damage=5 targetHP=296
[Sat Oct  3 18:50:13] PHENOTYPE_GAMEPLAY_HIT actor=human male fit full armor damage=8 targetHP=285
[Sat Oct  3 18:50:13] PHENOTYPE_GAMEPLAY_HIT actor=stock human male fit damage=6 targetHP=282
[Sat Oct  3 18:50:13] PHENOTYPE_GAMEPLAY_HIT actor=human male fit damage=1 targetHP=295
[Sat Oct  3 18:50:16] PHENOTYPE_GAMEPLAY_HIT actor=human male fit full armor damage=1 targetHP=284
[Sat Oct  3 18:50:17] PHENOTYPE_GAMEPLAY_HIT actor=stock human male fit damage=7 targetHP=275
[Sat Oct  3 18:50:17] PHENOTYPE_GAMEPLAY_HIT actor=human male fit damage=5 targetHP=290
[Sat Oct  3 18:50:17] PHENOTYPE_MOTION human male fit full armor step=23 enabled=1
[Sat Oct  3 18:50:17] PHENOTYPE_GAMEPLAY_STATE actor=human male fit full armor step=23 action=3 targetValid=1 targetHP=284 distance=       2.000000000
[Sat Oct  3 18:50:17] PHENOTYPE_MOTION human male fit step=23 enabled=1
[Sat Oct  3 18:50:17] PHENOTYPE_GAMEPLAY_STATE actor=human male fit step=23 action=3 targetValid=1 targetHP=290 distance=       2.000000000
[Sat Oct  3 18:50:17] PHENOTYPE_MOTION stock human male fit step=24 enabled=1
[Sat Oct  3 18:50:17] PHENOTYPE_GAMEPLAY_CAST_REQUEST actor=stock human male fit wizardLevel=5 armorFailure=5
[Sat Oct  3 18:50:18] PHENOTYPE_GAMEPLAY_HIT actor=human male fit full armor damage=7 targetHP=277
[Sat Oct  3 18:50:19] PHENOTYPE_GAMEPLAY_HIT actor=human male fit damage=1 targetHP=289
[Sat Oct  3 18:50:22] PHENOTYPE_GAMEPLAY_HIT actor=human male fit full armor damage=7 targetHP=270
[Sat Oct  3 18:50:22] PHENOTYPE_GAMEPLAY_SPELL actor=stock human male fit spell=107
[Sat Oct  3 18:50:22] PHENOTYPE_GAMEPLAY_HIT actor=human male fit damage=2 targetHP=287
[Sat Oct  3 18:50:23] PHENOTYPE_GAMEPLAY_HIT actor=stock human male fit damage=2 targetHP=273
[Sat Oct  3 18:50:23] PHENOTYPE_GAMEPLAY_HIT actor=stock human male fit damage=2 targetHP=271
[Sat Oct  3 18:50:23] PHENOTYPE_GAMEPLAY_HIT actor=stock human male fit damage=4 targetHP=267
[Sat Oct  3 18:50:23] PHENOTYPE_MOTION human male fit full armor step=24 enabled=1
[Sat Oct  3 18:50:23] PHENOTYPE_GAMEPLAY_CAST_REQUEST actor=human male fit full armor wizardLevel=5 armorFailure=15
[Sat Oct  3 18:50:23] PHENOTYPE_GAMEPLAY_HIT actor=stock human male fit damage=5 targetHP=262
[Sat Oct  3 18:50:23] PHENOTYPE_GAMEPLAY_HIT actor=stock human male fit damage=5 targetHP=257
[Sat Oct  3 18:50:24] PHENOTYPE_MOTION human male fit step=24 enabled=1
[Sat Oct  3 18:50:24] PHENOTYPE_GAMEPLAY_CAST_REQUEST actor=human male fit wizardLevel=5 armorFailure=5
[Sat Oct  3 18:50:24] PHENOTYPE_MOTION stock human male fit step=25 enabled=1
[Sat Oct  3 18:50:24] PHENOTYPE_GAMEPLAY_STATE actor=stock human male fit step=25 action=4 targetValid=1 targetHP=257 distance=       2.000000000
[Sat Oct  3 18:50:27] PHENOTYPE_GAMEPLAY_SPELL actor=human male fit full armor spell=107
[Sat Oct  3 18:50:28] PHENOTYPE_GAMEPLAY_HIT actor=human male fit full armor damage=3 targetHP=267
[Sat Oct  3 18:50:28] PHENOTYPE_GAMEPLAY_HIT actor=human male fit full armor damage=4 targetHP=263
[Sat Oct  3 18:50:28] PHENOTYPE_GAMEPLAY_SPELL actor=human male fit spell=107
[Sat Oct  3 18:50:28] PHENOTYPE_GAMEPLAY_HIT actor=human male fit full armor damage=2 targetHP=261
[Sat Oct  3 18:50:28] PHENOTYPE_GAMEPLAY_HIT actor=human male fit full armor damage=5 targetHP=256
[Sat Oct  3 18:50:28] PHENOTYPE_GAMEPLAY_SPELL actor=stock human male fit spell=107
[Sat Oct  3 18:50:28] PHENOTYPE_GAMEPLAY_HIT actor=human male fit full armor damage=5 targetHP=251
[Sat Oct  3 18:50:29] PHENOTYPE_GAMEPLAY_HIT actor=human male fit damage=3 targetHP=284
[Sat Oct  3 18:50:29] PHENOTYPE_GAMEPLAY_HIT actor=human male fit damage=4 targetHP=280
[Sat Oct  3 18:50:29] PHENOTYPE_GAMEPLAY_HIT actor=stock human male fit damage=5 targetHP=252
[Sat Oct  3 18:50:29] PHENOTYPE_GAMEPLAY_HIT actor=human male fit damage=3 targetHP=277
[Sat Oct  3 18:50:29] PHENOTYPE_GAMEPLAY_HIT actor=stock human male fit damage=3 targetHP=249
[Sat Oct  3 18:50:29] PHENOTYPE_GAMEPLAY_HIT actor=human male fit damage=5 targetHP=272
[Sat Oct  3 18:50:29] PHENOTYPE_GAMEPLAY_HIT actor=stock human male fit damage=4 targetHP=245
[Sat Oct  3 18:50:29] PHENOTYPE_GAMEPLAY_HIT actor=human male fit damage=5 targetHP=267
[Sat Oct  3 18:50:29] PHENOTYPE_GAMEPLAY_HIT actor=stock human male fit damage=4 targetHP=241
[Sat Oct  3 18:50:29] PHENOTYPE_MOTION human male fit full armor step=25 enabled=1
[Sat Oct  3 18:50:29] PHENOTYPE_GAMEPLAY_STATE actor=human male fit full armor step=25 action=4 targetValid=1 targetHP=251 distance=       2.000000000
[Sat Oct  3 18:50:29] PHENOTYPE_GAMEPLAY_HIT actor=stock human male fit damage=5 targetHP=236
[Sat Oct  3 18:50:30] PHENOTYPE_MOTION stock human male fit step=26 enabled=1
[Sat Oct  3 18:50:30] PHENOTYPE_GAMEPLAY_DAMAGE actor=stock human male fit damage=3 hp=107
[Sat Oct  3 18:50:31] PHENOTYPE_MOTION human male fit step=25 enabled=1
[Sat Oct  3 18:50:31] PHENOTYPE_GAMEPLAY_STATE actor=human male fit step=25 action=4 targetValid=1 targetHP=267 distance=       2.000000000
[Sat Oct  3 18:50:33] PHENOTYPE_GAMEPLAY_SPELL actor=human male fit full armor spell=107
[Sat Oct  3 18:50:34] PHENOTYPE_GAMEPLAY_HIT actor=human male fit full armor damage=4 targetHP=247
[Sat Oct  3 18:50:34] PHENOTYPE_GAMEPLAY_HIT actor=human male fit full armor damage=5 targetHP=242
[Sat Oct  3 18:50:34] PHENOTYPE_GAMEPLAY_SPELL actor=human male fit spell=107
[Sat Oct  3 18:50:34] PHENOTYPE_GAMEPLAY_HIT actor=human male fit full armor damage=3 targetHP=239
[Sat Oct  3 18:50:34] PHENOTYPE_GAMEPLAY_HIT actor=human male fit full armor damage=4 targetHP=235
[Sat Oct  3 18:50:34] PHENOTYPE_GAMEPLAY_HIT actor=human male fit full armor damage=5 targetHP=230
[Sat Oct  3 18:50:35] PHENOTYPE_GAMEPLAY_HIT actor=human male fit damage=5 targetHP=262
[Sat Oct  3 18:50:35] PHENOTYPE_GAMEPLAY_HIT actor=human male fit damage=4 targetHP=258
[Sat Oct  3 18:50:35] PHENOTYPE_GAMEPLAY_HIT actor=human male fit damage=5 targetHP=253
[Sat Oct  3 18:50:35] PHENOTYPE_GAMEPLAY_HIT actor=human male fit damage=2 targetHP=251
[Sat Oct  3 18:50:35] PHENOTYPE_GAMEPLAY_HIT actor=human male fit damage=3 targetHP=248
[Sat Oct  3 18:50:36] PHENOTYPE_MOTION human male fit full armor step=26 enabled=1
[Sat Oct  3 18:50:36] PHENOTYPE_GAMEPLAY_DAMAGE actor=human male fit full armor damage=3 hp=107
[Sat Oct  3 18:50:37] PHENOTYPE_MOTION stock human male fit step=27 enabled=1
[Sat Oct  3 18:50:37] PHENOTYPE_MOTION human male fit step=26 enabled=1
[Sat Oct  3 18:50:37] PHENOTYPE_GAMEPLAY_DAMAGE actor=human male fit damage=3 hp=107
[Sat Oct  3 18:50:42] PHENOTYPE_MOTION human male fit full armor step=27 enabled=1
[Sat Oct  3 18:50:43] PHENOTYPE_MOTION stock human male fit step=28 enabled=1
[Sat Oct  3 18:50:43] PHENOTYPE_GAMEPLAY_DEATH actor=stock human male fit
[Sat Oct  3 18:50:44] PHENOTYPE_MOTION human male fit step=27 enabled=1
[Sat Oct  3 18:50:49] PHENOTYPE_MOTION human male fit full armor step=28 enabled=1
[Sat Oct  3 18:50:49] PHENOTYPE_GAMEPLAY_DEATH actor=human male fit full armor
[Sat Oct  3 18:50:51] PHENOTYPE_MOTION human male fit step=28 enabled=1
[Sat Oct  3 18:50:51] PHENOTYPE_GAMEPLAY_DEATH actor=human male fit
[Sat Oct  3 18:50:58] PHENOTYPE_GAMEPLAY_RESTART actor=stock human male fit dead=0
[Sat Oct  3 18:51:03] PHENOTYPE_MOTION stock human male fit step=22 enabled=1
[Sat Oct  3 18:51:03] PHENOTYPE_GAMEPLAY_ATTACK stock human male fit targetValid=1 enemy=1 distance=       2.000000000
[Sat Oct  3 18:51:04] PHENOTYPE_GAMEPLAY_RESTART actor=human male fit full armor dead=0
[Sat Oct  3 18:51:04] PHENOTYPE_GAMEPLAY_HIT actor=stock human male fit damage=2 targetHP=299
[Sat Oct  3 18:51:06] PHENOTYPE_GAMEPLAY_RESTART actor=human male fit dead=0
[Sat Oct  3 18:51:06] PHENOTYPE_GAMEPLAY_HIT actor=stock human male fit damage=5 targetHP=294
[Sat Oct  3 18:51:09] PHENOTYPE_MOTION human male fit full armor step=22 enabled=1
[Sat Oct  3 18:51:09] PHENOTYPE_GAMEPLAY_ATTACK human male fit full armor targetValid=1 enemy=1 distance=       2.000000000
[Sat Oct  3 18:51:10] PHENOTYPE_GAMEPLAY_HIT actor=stock human male fit damage=7 targetHP=287
[Sat Oct  3 18:51:10] PHENOTYPE_GAMEPLAY_HIT actor=human male fit full armor damage=7 targetHP=294
[Sat Oct  3 18:51:10] PHENOTYPE_MOTION human male fit step=22 enabled=1
[Sat Oct  3 18:51:10] PHENOTYPE_GAMEPLAY_ATTACK human male fit targetValid=1 enemy=1 distance=       2.000000000
[Sat Oct  3 18:51:10] PHENOTYPE_MOTION stock human male fit step=23 enabled=1
[Sat Oct  3 18:51:10] PHENOTYPE_GAMEPLAY_STATE actor=stock human male fit step=23 action=3 targetValid=1 targetHP=287 distance=       2.000000000
[Sat Oct  3 18:51:11] PHENOTYPE_GAMEPLAY_HIT actor=human male fit damage=2 targetHP=299
[Sat Oct  3 18:51:12] PHENOTYPE_GAMEPLAY_HIT actor=stock human male fit damage=3 targetHP=284
[Sat Oct  3 18:51:15] PHENOTYPE_GAMEPLAY_HIT actor=stock human male fit damage=6 targetHP=278
[Sat Oct  3 18:51:16] PHENOTYPE_MOTION human male fit full armor step=23 enabled=1
[Sat Oct  3 18:51:16] PHENOTYPE_GAMEPLAY_STATE actor=human male fit full armor step=23 action=3 targetValid=1 targetHP=294 distance=       2.000000000
[Sat Oct  3 18:51:16] PHENOTYPE_GAMEPLAY_HIT actor=human male fit damage=5 targetHP=294
[Sat Oct  3 18:51:16] PHENOTYPE_MOTION stock human male fit step=24 enabled=1
[Sat Oct  3 18:51:16] PHENOTYPE_GAMEPLAY_CAST_REQUEST actor=stock human male fit wizardLevel=5 armorFailure=5
[Sat Oct  3 18:51:16] PHENOTYPE_MOTION human male fit step=23 enabled=1
[Sat Oct  3 18:51:16] PHENOTYPE_GAMEPLAY_STATE actor=human male fit step=23 action=3 targetValid=1 targetHP=294 distance=       2.000000000
[Sat Oct  3 18:51:18] PHENOTYPE_GAMEPLAY_HIT actor=human male fit full armor damage=8 targetHP=286
[Sat Oct  3 18:51:19] PHENOTYPE_GAMEPLAY_HIT actor=human male fit damage=8 targetHP=286
[Sat Oct  3 18:51:21] PHENOTYPE_GAMEPLAY_SPELL actor=stock human male fit spell=107
[Sat Oct  3 18:51:21] PHENOTYPE_GAMEPLAY_HIT actor=human male fit full armor damage=3 targetHP=283
[Sat Oct  3 18:51:21] PHENOTYPE_GAMEPLAY_HIT actor=stock human male fit damage=4 targetHP=274
[Sat Oct  3 18:51:21] PHENOTYPE_GAMEPLAY_HIT actor=stock human male fit damage=3 targetHP=271
[Sat Oct  3 18:51:22] PHENOTYPE_GAMEPLAY_HIT actor=stock human male fit damage=4 targetHP=267
[Sat Oct  3 18:51:22] PHENOTYPE_GAMEPLAY_HIT actor=stock human male fit damage=4 targetHP=263
[Sat Oct  3 18:51:22] PHENOTYPE_GAMEPLAY_HIT actor=stock human male fit damage=2 targetHP=261
[Sat Oct  3 18:51:22] PHENOTYPE_GAMEPLAY_HIT actor=human male fit damage=3 targetHP=283
[Sat Oct  3 18:51:22] PHENOTYPE_MOTION human male fit full armor step=24 enabled=1
[Sat Oct  3 18:51:22] PHENOTYPE_GAMEPLAY_CAST_REQUEST actor=human male fit full armor wizardLevel=5 armorFailure=15
[Sat Oct  3 18:51:23] PHENOTYPE_MOTION stock human male fit step=25 enabled=1
[Sat Oct  3 18:51:23] PHENOTYPE_GAMEPLAY_STATE actor=stock human male fit step=25 action=4 targetValid=1 targetHP=261 distance=       2.000000000
[Sat Oct  3 18:51:23] PHENOTYPE_MOTION human male fit step=24 enabled=1
[Sat Oct  3 18:51:23] PHENOTYPE_GAMEPLAY_CAST_REQUEST actor=human male fit wizardLevel=5 armorFailure=5
[Sat Oct  3 18:51:26] PHENOTYPE_GAMEPLAY_SPELL actor=human male fit full armor spell=107
[Sat Oct  3 18:51:27] PHENOTYPE_GAMEPLAY_SPELL actor=stock human male fit spell=107
[Sat Oct  3 18:51:27] PHENOTYPE_GAMEPLAY_HIT actor=human male fit full armor damage=4 targetHP=279
[Sat Oct  3 18:51:27] PHENOTYPE_GAMEPLAY_HIT actor=human male fit full armor damage=2 targetHP=277
[Sat Oct  3 18:51:27] PHENOTYPE_GAMEPLAY_HIT actor=human male fit full armor damage=2 targetHP=275
[Sat Oct  3 18:51:27] PHENOTYPE_GAMEPLAY_HIT actor=human male fit full armor damage=3 targetHP=272
[Sat Oct  3 18:51:27] PHENOTYPE_GAMEPLAY_HIT actor=stock human male fit damage=5 targetHP=256
[Sat Oct  3 18:51:27] PHENOTYPE_GAMEPLAY_HIT actor=human male fit full armor damage=2 targetHP=270
[Sat Oct  3 18:51:27] PHENOTYPE_GAMEPLAY_SPELL actor=human male fit spell=107
[Sat Oct  3 18:51:27] PHENOTYPE_GAMEPLAY_HIT actor=stock human male fit damage=3 targetHP=253
[Sat Oct  3 18:51:28] PHENOTYPE_GAMEPLAY_HIT actor=stock human male fit damage=3 targetHP=250
[Sat Oct  3 18:51:28] PHENOTYPE_GAMEPLAY_HIT actor=stock human male fit damage=3 targetHP=247
[Sat Oct  3 18:51:28] PHENOTYPE_GAMEPLAY_HIT actor=stock human male fit damage=3 targetHP=244
[Sat Oct  3 18:51:28] PHENOTYPE_GAMEPLAY_HIT actor=human male fit damage=4 targetHP=279
[Sat Oct  3 18:51:28] PHENOTYPE_GAMEPLAY_HIT actor=human male fit damage=5 targetHP=274
[Sat Oct  3 18:51:28] PHENOTYPE_GAMEPLAY_HIT actor=human male fit damage=4 targetHP=270
[Sat Oct  3 18:51:28] PHENOTYPE_GAMEPLAY_HIT actor=human male fit damage=2 targetHP=268
[Sat Oct  3 18:51:28] PHENOTYPE_GAMEPLAY_HIT actor=human male fit damage=3 targetHP=265
[Sat Oct  3 18:51:29] PHENOTYPE_MOTION stock human male fit step=26 enabled=1
[Sat Oct  3 18:51:29] PHENOTYPE_GAMEPLAY_DAMAGE actor=stock human male fit damage=3 hp=107
[Sat Oct  3 18:51:29] PHENOTYPE_MOTION human male fit full armor step=25 enabled=1
[Sat Oct  3 18:51:29] PHENOTYPE_GAMEPLAY_STATE actor=human male fit full armor step=25 action=4 targetValid=1 targetHP=270 distance=       2.000000000
[Sat Oct  3 18:51:30] PHENOTYPE_MOTION human male fit step=25 enabled=1
[Sat Oct  3 18:51:30] PHENOTYPE_GAMEPLAY_STATE actor=human male fit step=25 action=4 targetValid=1 targetHP=265 distance=       2.000000000
[Sat Oct  3 18:51:32] PHENOTYPE_GAMEPLAY_SPELL actor=human male fit full armor spell=107
[Sat Oct  3 18:51:33] PHENOTYPE_GAMEPLAY_HIT actor=human male fit full armor damage=3 targetHP=267
[Sat Oct  3 18:51:33] PHENOTYPE_GAMEPLAY_HIT actor=human male fit full armor damage=2 targetHP=265
[Sat Oct  3 18:51:33] PHENOTYPE_GAMEPLAY_HIT actor=human male fit full armor damage=2 targetHP=263
[Sat Oct  3 18:51:33] PHENOTYPE_GAMEPLAY_HIT actor=human male fit full armor damage=4 targetHP=259
[Sat Oct  3 18:51:33] PHENOTYPE_GAMEPLAY_HIT actor=human male fit full armor damage=2 targetHP=257
[Sat Oct  3 18:51:33] PHENOTYPE_GAMEPLAY_SPELL actor=human male fit spell=107
[Sat Oct  3 18:51:34] PHENOTYPE_GAMEPLAY_HIT actor=human male fit damage=5 targetHP=260
[Sat Oct  3 18:51:34] PHENOTYPE_GAMEPLAY_HIT actor=human male fit damage=2 targetHP=258
[Sat Oct  3 18:51:34] PHENOTYPE_GAMEPLAY_HIT actor=human male fit damage=3 targetHP=255
[Sat Oct  3 18:51:34] PHENOTYPE_GAMEPLAY_HIT actor=human male fit damage=3 targetHP=252
[Sat Oct  3 18:51:34] PHENOTYPE_GAMEPLAY_HIT actor=human male fit damage=5 targetHP=247
[Sat Oct  3 18:51:35] PHENOTYPE_MOTION human male fit full armor step=26 enabled=1
[Sat Oct  3 18:51:35] PHENOTYPE_GAMEPLAY_DAMAGE actor=human male fit full armor damage=3 hp=107
[Sat Oct  3 18:51:36] PHENOTYPE_MOTION stock human male fit step=27 enabled=1
[Sat Oct  3 18:51:36] PHENOTYPE_MOTION human male fit step=26 enabled=1
[Sat Oct  3 18:51:36] PHENOTYPE_GAMEPLAY_DAMAGE actor=human male fit damage=3 hp=107
[Sat Oct  3 18:51:42] PHENOTYPE_MOTION human male fit full armor step=27 enabled=1
[Sat Oct  3 18:51:43] PHENOTYPE_MOTION stock human male fit step=28 enabled=1
[Sat Oct  3 18:51:43] PHENOTYPE_GAMEPLAY_DEATH actor=stock human male fit
[Sat Oct  3 18:51:43] PHENOTYPE_MOTION human male fit step=27 enabled=1
[Sat Oct  3 18:51:48] PHENOTYPE_MOTION human male fit full armor step=28 enabled=1
[Sat Oct  3 18:51:48] PHENOTYPE_GAMEPLAY_DEATH actor=human male fit full armor
[Sat Oct  3 18:51:49] PHENOTYPE_MOTION human male fit step=28 enabled=1
[Sat Oct  3 18:51:49] PHENOTYPE_GAMEPLAY_DEATH actor=human male fit
[Sat Oct  3 18:51:58] PHENOTYPE_GAMEPLAY_RESTART actor=stock human male fit dead=0
[Sat Oct  3 18:52:02] PHENOTYPE_MOTION stock human male fit step=22 enabled=1
[Sat Oct  3 18:52:02] PHENOTYPE_GAMEPLAY_ATTACK stock human male fit targetValid=1 enemy=1 distance=       2.000000000
[Sat Oct  3 18:52:03] PHENOTYPE_GAMEPLAY_HIT actor=stock human male fit damage=8 targetHP=293
[Sat Oct  3 18:52:03] PHENOTYPE_GAMEPLAY_RESTART actor=human male fit full armor dead=0
[Sat Oct  3 18:52:04] PHENOTYPE_GAMEPLAY_RESTART actor=human male fit dead=0
[Sat Oct  3 18:52:05] PHENOTYPE_GAMEPLAY_HIT actor=stock human male fit damage=3 targetHP=290
[Sat Oct  3 18:52:08] PHENOTYPE_MOTION human male fit full armor step=22 enabled=1
[Sat Oct  3 18:52:08] PHENOTYPE_GAMEPLAY_ATTACK human male fit full armor targetValid=1 enemy=1 distance=       2.000000000
[Sat Oct  3 18:52:08] PHENOTYPE_GAMEPLAY_HIT actor=human male fit full armor damage=2 targetHP=299
[Sat Oct  3 18:52:08] PHENOTYPE_MOTION human male fit step=22 enabled=1
[Sat Oct  3 18:52:08] PHENOTYPE_GAMEPLAY_ATTACK human male fit targetValid=1 enemy=1 distance=       2.000000000
[Sat Oct  3 18:52:09] PHENOTYPE_MOTION stock human male fit step=23 enabled=1
[Sat Oct  3 18:52:09] PHENOTYPE_GAMEPLAY_STATE actor=stock human male fit step=23 action=3 targetValid=1 targetHP=290 distance=       2.000000000
[Sat Oct  3 18:52:09] PHENOTYPE_GAMEPLAY_HIT actor=human male fit damage=1 targetHP=300
[Sat Oct  3 18:52:11] PHENOTYPE_GAMEPLAY_HIT actor=human male fit full armor damage=4 targetHP=295
[Sat Oct  3 18:52:11] PHENOTYPE_GAMEPLAY_HIT actor=stock human male fit damage=14 targetHP=276
[Sat Oct  3 18:52:11] PHENOTYPE_GAMEPLAY_HIT actor=human male fit damage=3 targetHP=297
[Sat Oct  3 18:52:14] PHENOTYPE_GAMEPLAY_HIT actor=human male fit full armor damage=7 targetHP=288
[Sat Oct  3 18:52:14] PHENOTYPE_GAMEPLAY_HIT actor=stock human male fit damage=5 targetHP=271
[Sat Oct  3 18:52:15] PHENOTYPE_MOTION human male fit full armor step=23 enabled=1
[Sat Oct  3 18:52:15] PHENOTYPE_GAMEPLAY_STATE actor=human male fit full armor step=23 action=3 targetValid=1 targetHP=288 distance=       2.000000000
[Sat Oct  3 18:52:15] PHENOTYPE_GAMEPLAY_HIT actor=human male fit damage=8 targetHP=289
[Sat Oct  3 18:52:16] PHENOTYPE_MOTION stock human male fit step=24 enabled=1
[Sat Oct  3 18:52:16] PHENOTYPE_GAMEPLAY_CAST_REQUEST actor=stock human male fit wizardLevel=5 armorFailure=5
[Sat Oct  3 18:52:16] PHENOTYPE_MOTION human male fit step=23 enabled=1
[Sat Oct  3 18:52:16] PHENOTYPE_GAMEPLAY_STATE actor=human male fit step=23 action=3 targetValid=1 targetHP=289 distance=       2.000000000
[Sat Oct  3 18:52:16] PHENOTYPE_GAMEPLAY_HIT actor=human male fit full armor damage=3 targetHP=285
[Sat Oct  3 18:52:17] PHENOTYPE_GAMEPLAY_HIT actor=human male fit damage=2 targetHP=287
[Sat Oct  3 18:52:19] PHENOTYPE_GAMEPLAY_HIT actor=human male fit full armor damage=4 targetHP=281
[Sat Oct  3 18:52:20] PHENOTYPE_GAMEPLAY_SPELL actor=stock human male fit spell=107
[Sat Oct  3 18:52:20] PHENOTYPE_GAMEPLAY_HIT actor=human male fit damage=1 targetHP=286
[Sat Oct  3 18:52:20] PHENOTYPE_GAMEPLAY_HIT actor=stock human male fit damage=2 targetHP=269
[Sat Oct  3 18:52:21] PHENOTYPE_GAMEPLAY_HIT actor=stock human male fit damage=3 targetHP=266
[Sat Oct  3 18:52:21] PHENOTYPE_GAMEPLAY_HIT actor=stock human male fit damage=4 targetHP=262
[Sat Oct  3 18:52:21] PHENOTYPE_GAMEPLAY_HIT actor=stock human male fit damage=5 targetHP=257
[Sat Oct  3 18:52:21] PHENOTYPE_GAMEPLAY_HIT actor=stock human male fit damage=2 targetHP=255
[Sat Oct  3 18:52:21] PHENOTYPE_MOTION human male fit full armor step=24 enabled=1
[Sat Oct  3 18:52:21] PHENOTYPE_GAMEPLAY_CAST_REQUEST actor=human male fit full armor wizardLevel=5 armorFailure=15
[Sat Oct  3 18:52:22] PHENOTYPE_GAMEPLAY_HIT actor=human male fit full armor damage=12 targetHP=269
[Sat Oct  3 18:52:22] PHENOTYPE_MOTION human male fit step=24 enabled=1
[Sat Oct  3 18:52:22] PHENOTYPE_GAMEPLAY_CAST_REQUEST actor=human male fit wizardLevel=5 armorFailure=5
[Sat Oct  3 18:52:22] PHENOTYPE_MOTION stock human male fit step=25 enabled=1
[Sat Oct  3 18:52:22] PHENOTYPE_GAMEPLAY_STATE actor=stock human male fit step=25 action=4 targetValid=1 targetHP=255 distance=       2.000000000
[Sat Oct  3 18:52:26] PHENOTYPE_GAMEPLAY_SPELL actor=stock human male fit spell=107
[Sat Oct  3 18:52:26] PHENOTYPE_GAMEPLAY_SPELL actor=human male fit spell=107
[Sat Oct  3 18:52:26] PHENOTYPE_GAMEPLAY_SPELL actor=human male fit full armor spell=107
[Sat Oct  3 18:52:26] PHENOTYPE_GAMEPLAY_HIT actor=stock human male fit damage=4 targetHP=251
[Sat Oct  3 18:52:27] PHENOTYPE_GAMEPLAY_HIT actor=stock human male fit damage=2 targetHP=249
[Sat Oct  3 18:52:27] PHENOTYPE_GAMEPLAY_HIT actor=stock human male fit damage=4 targetHP=245
[Sat Oct  3 18:52:27] PHENOTYPE_GAMEPLAY_HIT actor=human male fit damage=2 targetHP=284
[Sat Oct  3 18:52:27] PHENOTYPE_GAMEPLAY_HIT actor=stock human male fit damage=5 targetHP=240
[Sat Oct  3 18:52:27] PHENOTYPE_GAMEPLAY_HIT actor=human male fit damage=5 targetHP=279
[Sat Oct  3 18:52:27] PHENOTYPE_GAMEPLAY_HIT actor=human male fit full armor damage=5 targetHP=264
[Sat Oct  3 18:52:27] PHENOTYPE_GAMEPLAY_HIT actor=stock human male fit damage=5 targetHP=235
[Sat Oct  3 18:52:27] PHENOTYPE_GAMEPLAY_HIT actor=human male fit damage=4 targetHP=275
[Sat Oct  3 18:52:27] PHENOTYPE_GAMEPLAY_HIT actor=human male fit full armor damage=5 targetHP=259
[Sat Oct  3 18:52:27] PHENOTYPE_GAMEPLAY_HIT actor=human male fit damage=3 targetHP=272
[Sat Oct  3 18:52:27] PHENOTYPE_GAMEPLAY_HIT actor=human male fit full armor damage=5 targetHP=254
[Sat Oct  3 18:52:27] PHENOTYPE_GAMEPLAY_HIT actor=human male fit damage=3 targetHP=269
[Sat Oct  3 18:52:27] PHENOTYPE_GAMEPLAY_HIT actor=human male fit full armor damage=2 targetHP=252
[Sat Oct  3 18:52:27] PHENOTYPE_GAMEPLAY_HIT actor=human male fit full armor damage=2 targetHP=250
[Sat Oct  3 18:52:28] PHENOTYPE_MOTION human male fit step=25 enabled=1
[Sat Oct  3 18:52:28] PHENOTYPE_GAMEPLAY_STATE actor=human male fit step=25 action=4 targetValid=1 targetHP=269 distance=       2.000000000
[Sat Oct  3 18:52:28] PHENOTYPE_MOTION human male fit full armor step=25 enabled=1
[Sat Oct  3 18:52:28] PHENOTYPE_GAMEPLAY_STATE actor=human male fit full armor step=25 action=4 targetValid=1 targetHP=250 distance=       2.000000000
[Sat Oct  3 18:52:29] PHENOTYPE_MOTION stock human male fit step=26 enabled=1
[Sat Oct  3 18:52:29] PHENOTYPE_GAMEPLAY_DAMAGE actor=stock human male fit damage=3 hp=107
[Sat Oct  3 18:52:32] PHENOTYPE_GAMEPLAY_SPELL actor=human male fit spell=107
[Sat Oct  3 18:52:32] PHENOTYPE_GAMEPLAY_SPELL actor=human male fit full armor spell=107
[Sat Oct  3 18:52:33] PHENOTYPE_GAMEPLAY_HIT actor=human male fit damage=3 targetHP=266
[Sat Oct  3 18:52:33] PHENOTYPE_GAMEPLAY_HIT actor=human male fit damage=2 targetHP=264
[Sat Oct  3 18:52:33] PHENOTYPE_GAMEPLAY_HIT actor=human male fit full armor damage=3 targetHP=247
[Sat Oct  3 18:52:33] PHENOTYPE_GAMEPLAY_HIT actor=human male fit damage=5 targetHP=259
[Sat Oct  3 18:52:33] PHENOTYPE_GAMEPLAY_HIT actor=human male fit full armor damage=5 targetHP=242
[Sat Oct  3 18:52:33] PHENOTYPE_GAMEPLAY_HIT actor=human male fit damage=3 targetHP=256
[Sat Oct  3 18:52:33] PHENOTYPE_GAMEPLAY_HIT actor=human male fit full armor damage=3 targetHP=239
[Sat Oct  3 18:52:33] PHENOTYPE_GAMEPLAY_HIT actor=human male fit damage=4 targetHP=252
[Sat Oct  3 18:52:33] PHENOTYPE_GAMEPLAY_HIT actor=human male fit full armor damage=4 targetHP=235
[Sat Oct  3 18:52:33] PHENOTYPE_GAMEPLAY_HIT actor=human male fit full armor damage=2 targetHP=233
[Sat Oct  3 18:52:34] PHENOTYPE_MOTION human male fit step=26 enabled=1
[Sat Oct  3 18:52:34] PHENOTYPE_GAMEPLAY_DAMAGE actor=human male fit damage=3 hp=107
[Sat Oct  3 18:52:34] PHENOTYPE_MOTION human male fit full armor step=26 enabled=1
[Sat Oct  3 18:52:34] PHENOTYPE_GAMEPLAY_DAMAGE actor=human male fit full armor damage=3 hp=107
[Sat Oct  3 18:52:36] PHENOTYPE_MOTION stock human male fit step=27 enabled=1
[Sat Oct  3 18:52:41] PHENOTYPE_MOTION human male fit step=27 enabled=1
[Sat Oct  3 18:52:41] PHENOTYPE_MOTION human male fit full armor step=27 enabled=1
[Sat Oct  3 18:52:42] PHENOTYPE_MOTION stock human male fit step=28 enabled=1
[Sat Oct  3 18:52:42] PHENOTYPE_GAMEPLAY_DEATH actor=stock human male fit
[Sat Oct  3 18:52:47] PHENOTYPE_MOTION human male fit step=28 enabled=1
[Sat Oct  3 18:52:47] PHENOTYPE_GAMEPLAY_DEATH actor=human male fit
[Sat Oct  3 18:52:48] PHENOTYPE_MOTION human male fit full armor step=28 enabled=1
[Sat Oct  3 18:52:48] PHENOTYPE_GAMEPLAY_DEATH actor=human male fit full armor
[Sat Oct  3 18:52:57] PHENOTYPE_GAMEPLAY_RESTART actor=stock human male fit dead=0
[Sat Oct  3 18:53:02] PHENOTYPE_GAMEPLAY_RESTART actor=human male fit dead=0
[Sat Oct  3 18:53:03] PHENOTYPE_GAMEPLAY_RESTART actor=human male fit full armor dead=0
[Sat Oct  3 18:53:03] PHENOTYPE_MOTION stock human male fit step=22 enabled=1
[Sat Oct  3 18:53:03] PHENOTYPE_GAMEPLAY_ATTACK stock human male fit targetValid=1 enemy=1 distance=       2.000000000
[Sat Oct  3 18:53:04] PHENOTYPE_GAMEPLAY_HIT actor=stock human male fit damage=7 targetHP=294
[Sat Oct  3 18:53:06] PHENOTYPE_GAMEPLAY_HIT actor=stock human male fit damage=2 targetHP=292
[Sat Oct  3 18:53:07] PHENOTYPE_MOTION human male fit full armor step=22 enabled=1
[Sat Oct  3 18:53:07] PHENOTYPE_GAMEPLAY_ATTACK human male fit full armor targetValid=1 enemy=1 distance=       2.000000000
[Sat Oct  3 18:53:07] PHENOTYPE_MOTION human male fit step=22 enabled=1
[Sat Oct  3 18:53:07] PHENOTYPE_GAMEPLAY_ATTACK human male fit targetValid=1 enemy=1 distance=       2.000000000
[Sat Oct  3 18:53:08] PHENOTYPE_GAMEPLAY_HIT actor=human male fit full armor damage=7 targetHP=294
[Sat Oct  3 18:53:08] PHENOTYPE_GAMEPLAY_HIT actor=human male fit damage=2 targetHP=299
[Sat Oct  3 18:53:09] PHENOTYPE_GAMEPLAY_HIT actor=stock human male fit damage=4 targetHP=288
[Sat Oct  3 18:53:10] PHENOTYPE_MOTION stock human male fit step=23 enabled=1
[Sat Oct  3 18:53:10] PHENOTYPE_GAMEPLAY_STATE actor=stock human male fit step=23 action=3 targetValid=1 targetHP=288 distance=       2.000000000
[Sat Oct  3 18:53:10] PHENOTYPE_GAMEPLAY_HIT actor=human male fit damage=3 targetHP=296
[Sat Oct  3 18:53:13] PHENOTYPE_GAMEPLAY_HIT actor=human male fit full armor damage=8 targetHP=286
[Sat Oct  3 18:53:13] PHENOTYPE_GAMEPLAY_HIT actor=human male fit damage=2 targetHP=294
[Sat Oct  3 18:53:13] PHENOTYPE_MOTION human male fit full armor step=23 enabled=1
[Sat Oct  3 18:53:13] PHENOTYPE_GAMEPLAY_STATE actor=human male fit full armor step=23 action=3 targetValid=1 targetHP=286 distance=       2.000000000
[Sat Oct  3 18:53:14] PHENOTYPE_MOTION human male fit step=23 enabled=1
[Sat Oct  3 18:53:14] PHENOTYPE_GAMEPLAY_STATE actor=human male fit step=23 action=3 targetValid=1 targetHP=294 distance=       2.000000000
[Sat Oct  3 18:53:15] PHENOTYPE_GAMEPLAY_HIT actor=stock human male fit damage=6 targetHP=282
[Sat Oct  3 18:53:15] PHENOTYPE_GAMEPLAY_HIT actor=human male fit full armor damage=4 targetHP=282
[Sat Oct  3 18:53:16] PHENOTYPE_GAMEPLAY_HIT actor=human male fit damage=2 targetHP=292
[Sat Oct  3 18:53:16] PHENOTYPE_MOTION stock human male fit step=24 enabled=1
[Sat Oct  3 18:53:16] PHENOTYPE_GAMEPLAY_CAST_REQUEST actor=stock human male fit wizardLevel=5 armorFailure=5
[Sat Oct  3 18:53:19] PHENOTYPE_GAMEPLAY_HIT actor=human male fit full armor damage=6 targetHP=276
[Sat Oct  3 18:53:19] PHENOTYPE_GAMEPLAY_HIT actor=human male fit damage=7 targetHP=285
[Sat Oct  3 18:53:20] PHENOTYPE_MOTION human male fit full armor step=24 enabled=1
[Sat Oct  3 18:53:20] PHENOTYPE_GAMEPLAY_CAST_REQUEST actor=human male fit full armor wizardLevel=5 armorFailure=15
[Sat Oct  3 18:53:20] PHENOTYPE_GAMEPLAY_SPELL actor=stock human male fit spell=107
[Sat Oct  3 18:53:21] PHENOTYPE_MOTION human male fit step=24 enabled=1
[Sat Oct  3 18:53:21] PHENOTYPE_GAMEPLAY_CAST_REQUEST actor=human male fit wizardLevel=5 armorFailure=5
[Sat Oct  3 18:53:21] PHENOTYPE_GAMEPLAY_HIT actor=stock human male fit damage=3 targetHP=279
[Sat Oct  3 18:53:21] PHENOTYPE_GAMEPLAY_HIT actor=stock human male fit damage=5 targetHP=274
[Sat Oct  3 18:53:21] PHENOTYPE_GAMEPLAY_HIT actor=stock human male fit damage=4 targetHP=270
[Sat Oct  3 18:53:21] PHENOTYPE_GAMEPLAY_HIT actor=stock human male fit damage=4 targetHP=266
[Sat Oct  3 18:53:21] PHENOTYPE_GAMEPLAY_HIT actor=stock human male fit damage=5 targetHP=261
[Sat Oct  3 18:53:22] PHENOTYPE_MOTION stock human male fit step=25 enabled=1
[Sat Oct  3 18:53:22] PHENOTYPE_GAMEPLAY_STATE actor=stock human male fit step=25 action=4 targetValid=1 targetHP=261 distance=       2.000000000
[Sat Oct  3 18:53:24] PHENOTYPE_GAMEPLAY_SPELL actor=human male fit full armor spell=107
[Sat Oct  3 18:53:24] PHENOTYPE_GAMEPLAY_SPELL actor=human male fit spell=107
[Sat Oct  3 18:53:25] PHENOTYPE_GAMEPLAY_HIT actor=human male fit full armor damage=5 targetHP=271
[Sat Oct  3 18:53:25] PHENOTYPE_GAMEPLAY_HIT actor=human male fit full armor damage=2 targetHP=269
[Sat Oct  3 18:53:25] PHENOTYPE_GAMEPLAY_HIT actor=human male fit full armor damage=4 targetHP=265
[Sat Oct  3 18:53:25] PHENOTYPE_GAMEPLAY_HIT actor=human male fit damage=2 targetHP=283
[Sat Oct  3 18:53:25] PHENOTYPE_GAMEPLAY_HIT actor=human male fit full armor damage=3 targetHP=262
[Sat Oct  3 18:53:25] PHENOTYPE_GAMEPLAY_HIT actor=human male fit damage=5 targetHP=278
[Sat Oct  3 18:53:25] PHENOTYPE_GAMEPLAY_HIT actor=human male fit full armor damage=5 targetHP=257
[Sat Oct  3 18:53:25] PHENOTYPE_GAMEPLAY_HIT actor=human male fit damage=5 targetHP=273
[Sat Oct  3 18:53:25] PHENOTYPE_GAMEPLAY_HIT actor=human male fit damage=4 targetHP=269
[Sat Oct  3 18:53:25] PHENOTYPE_GAMEPLAY_HIT actor=human male fit damage=2 targetHP=267
[Sat Oct  3 18:53:26] PHENOTYPE_GAMEPLAY_SPELL actor=stock human male fit spell=107
[Sat Oct  3 18:53:27] PHENOTYPE_MOTION human male fit step=25 enabled=1
[Sat Oct  3 18:53:27] PHENOTYPE_GAMEPLAY_STATE actor=human male fit step=25 action=4 targetValid=1 targetHP=267 distance=       1.999999285
[Sat Oct  3 18:53:27] PHENOTYPE_GAMEPLAY_HIT actor=stock human male fit damage=5 targetHP=256
[Sat Oct  3 18:53:27] PHENOTYPE_GAMEPLAY_HIT actor=stock human male fit damage=2 targetHP=254
[Sat Oct  3 18:53:27] PHENOTYPE_GAMEPLAY_HIT actor=stock human male fit damage=4 targetHP=250
[Sat Oct  3 18:53:27] PHENOTYPE_GAMEPLAY_HIT actor=stock human male fit damage=5 targetHP=245
[Sat Oct  3 18:53:27] PHENOTYPE_MOTION human male fit full armor step=25 enabled=1
[Sat Oct  3 18:53:27] PHENOTYPE_GAMEPLAY_STATE actor=human male fit full armor step=25 action=4 targetValid=1 targetHP=257 distance=       2.000000000
[Sat Oct  3 18:53:27] PHENOTYPE_GAMEPLAY_HIT actor=stock human male fit damage=4 targetHP=241
[Sat Oct  3 18:53:29] PHENOTYPE_MOTION stock human male fit step=26 enabled=1
[Sat Oct  3 18:53:29] PHENOTYPE_GAMEPLAY_DAMAGE actor=stock human male fit damage=3 hp=107
[Sat Oct  3 18:53:30] PHENOTYPE_GAMEPLAY_SPELL actor=human male fit full armor spell=107
[Sat Oct  3 18:53:30] PHENOTYPE_GAMEPLAY_SPELL actor=human male fit spell=107
[Sat Oct  3 18:53:31] PHENOTYPE_GAMEPLAY_HIT actor=human male fit full armor damage=5 targetHP=252
[Sat Oct  3 18:53:31] PHENOTYPE_GAMEPLAY_HIT actor=human male fit full armor damage=4 targetHP=248
[Sat Oct  3 18:53:31] PHENOTYPE_GAMEPLAY_HIT actor=human male fit damage=5 targetHP=262
[Sat Oct  3 18:53:31] PHENOTYPE_GAMEPLAY_HIT actor=human male fit full armor damage=5 targetHP=243
[Sat Oct  3 18:53:31] PHENOTYPE_GAMEPLAY_HIT actor=human male fit damage=2 targetHP=260
[Sat Oct  3 18:53:31] PHENOTYPE_GAMEPLAY_HIT actor=human male fit full armor damage=4 targetHP=239
[Sat Oct  3 18:53:31] PHENOTYPE_GAMEPLAY_HIT actor=human male fit damage=4 targetHP=256
[Sat Oct  3 18:53:31] PHENOTYPE_GAMEPLAY_HIT actor=human male fit full armor damage=3 targetHP=236
[Sat Oct  3 18:53:31] PHENOTYPE_GAMEPLAY_HIT actor=human male fit damage=3 targetHP=253
[Sat Oct  3 18:53:31] PHENOTYPE_GAMEPLAY_HIT actor=human male fit damage=3 targetHP=250
[Sat Oct  3 18:53:34] PHENOTYPE_MOTION human male fit full armor step=26 enabled=1
[Sat Oct  3 18:53:34] PHENOTYPE_GAMEPLAY_DAMAGE actor=human male fit full armor damage=3 hp=107
[Sat Oct  3 18:53:34] PHENOTYPE_MOTION human male fit step=26 enabled=1
[Sat Oct  3 18:53:34] PHENOTYPE_GAMEPLAY_DAMAGE actor=human male fit damage=3 hp=107
[Sat Oct  3 18:53:36] PHENOTYPE_MOTION stock human male fit step=27 enabled=1
[Sat Oct  3 18:53:40] PHENOTYPE_MOTION human male fit full armor step=27 enabled=1
[Sat Oct  3 18:53:40] PHENOTYPE_MOTION human male fit step=27 enabled=1
[Sat Oct  3 18:53:43] PHENOTYPE_MOTION stock human male fit step=28 enabled=1
[Sat Oct  3 18:53:43] PHENOTYPE_GAMEPLAY_DEATH actor=stock human male fit
[Sat Oct  3 18:53:46] PHENOTYPE_MOTION human male fit step=28 enabled=1
[Sat Oct  3 18:53:46] PHENOTYPE_GAMEPLAY_DEATH actor=human male fit
[Sat Oct  3 18:53:47] PHENOTYPE_MOTION human male fit full armor step=28 enabled=1
[Sat Oct  3 18:53:47] PHENOTYPE_GAMEPLAY_DEATH actor=human male fit full armor
[Sat Oct  3 18:53:58] PHENOTYPE_GAMEPLAY_RESTART actor=stock human male fit dead=0
[Sat Oct  3 18:54:01] PHENOTYPE_GAMEPLAY_RESTART actor=human male fit dead=0
[Sat Oct  3 18:54:02] PHENOTYPE_MOTION stock human male fit step=22 enabled=1
[Sat Oct  3 18:54:02] PHENOTYPE_GAMEPLAY_ATTACK stock human male fit targetValid=1 enemy=1 distance=       2.000000000
[Sat Oct  3 18:54:02] PHENOTYPE_GAMEPLAY_RESTART actor=human male fit full armor dead=0
[Sat Oct  3 18:54:03] PHENOTYPE_GAMEPLAY_HIT actor=stock human male fit damage=4 targetHP=297
[Sat Oct  3 18:54:06] PHENOTYPE_MOTION human male fit full armor step=22 enabled=1
[Sat Oct  3 18:54:06] PHENOTYPE_GAMEPLAY_ATTACK human male fit full armor targetValid=1 enemy=1 distance=       2.000000000
[Sat Oct  3 18:54:07] PHENOTYPE_GAMEPLAY_HIT actor=human male fit full armor damage=1 targetHP=300
[Sat Oct  3 18:54:08] PHENOTYPE_MOTION human male fit step=22 enabled=1
[Sat Oct  3 18:54:08] PHENOTYPE_GAMEPLAY_ATTACK human male fit targetValid=1 enemy=1 distance=       2.000000000
[Sat Oct  3 18:54:08] PHENOTYPE_GAMEPLAY_HIT actor=stock human male fit damage=3 targetHP=294
[Sat Oct  3 18:54:08] PHENOTYPE_MOTION stock human male fit step=23 enabled=1
[Sat Oct  3 18:54:08] PHENOTYPE_GAMEPLAY_STATE actor=stock human male fit step=23 action=3 targetValid=1 targetHP=294 distance=       2.000000000
[Sat Oct  3 18:54:09] PHENOTYPE_GAMEPLAY_HIT actor=human male fit damage=1 targetHP=300
[Sat Oct  3 18:54:09] PHENOTYPE_GAMEPLAY_HIT actor=human male fit full armor damage=8 targetHP=292
[Sat Oct  3 18:54:10] PHENOTYPE_GAMEPLAY_HIT actor=stock human male fit damage=7 targetHP=287
[Sat Oct  3 18:54:11] PHENOTYPE_GAMEPLAY_HIT actor=human male fit damage=6 targetHP=294
[Sat Oct  3 18:54:12] PHENOTYPE_GAMEPLAY_HIT actor=human male fit full armor damage=5 targetHP=287
[Sat Oct  3 18:54:13] PHENOTYPE_MOTION human male fit full armor step=23 enabled=1
[Sat Oct  3 18:54:13] PHENOTYPE_GAMEPLAY_STATE actor=human male fit full armor step=23 action=3 targetValid=1 targetHP=287 distance=       2.000000000
[Sat Oct  3 18:54:14] PHENOTYPE_GAMEPLAY_HIT actor=stock human male fit damage=3 targetHP=284
[Sat Oct  3 18:54:14] PHENOTYPE_GAMEPLAY_HIT actor=human male fit damage=7 targetHP=287
[Sat Oct  3 18:54:14] PHENOTYPE_MOTION human male fit step=23 enabled=1
[Sat Oct  3 18:54:14] PHENOTYPE_GAMEPLAY_STATE actor=human male fit step=23 action=3 targetValid=1 targetHP=287 distance=       2.000000000
[Sat Oct  3 18:54:14] PHENOTYPE_GAMEPLAY_HIT actor=human male fit full armor damage=5 targetHP=282
[Sat Oct  3 18:54:15] PHENOTYPE_MOTION stock human male fit step=24 enabled=1
[Sat Oct  3 18:54:15] PHENOTYPE_GAMEPLAY_CAST_REQUEST actor=stock human male fit wizardLevel=5 armorFailure=5
[Sat Oct  3 18:54:16] PHENOTYPE_GAMEPLAY_HIT actor=human male fit damage=2 targetHP=285
[Sat Oct  3 18:54:18] PHENOTYPE_GAMEPLAY_HIT actor=human male fit full armor damage=5 targetHP=277
[Sat Oct  3 18:54:19] PHENOTYPE_GAMEPLAY_SPELL actor=stock human male fit spell=107
[Sat Oct  3 18:54:20] PHENOTYPE_GAMEPLAY_HIT actor=human male fit damage=5 targetHP=280
[Sat Oct  3 18:54:20] PHENOTYPE_MOTION human male fit full armor step=24 enabled=1
[Sat Oct  3 18:54:20] PHENOTYPE_GAMEPLAY_CAST_REQUEST actor=human male fit full armor wizardLevel=5 armorFailure=15
[Sat Oct  3 18:54:20] PHENOTYPE_GAMEPLAY_HIT actor=human male fit full armor damage=8 targetHP=269
[Sat Oct  3 18:54:20] PHENOTYPE_GAMEPLAY_HIT actor=stock human male fit damage=2 targetHP=282
[Sat Oct  3 18:54:20] PHENOTYPE_GAMEPLAY_HIT actor=stock human male fit damage=4 targetHP=278
[Sat Oct  3 18:54:20] PHENOTYPE_GAMEPLAY_HIT actor=stock human male fit damage=2 targetHP=276
[Sat Oct  3 18:54:20] PHENOTYPE_GAMEPLAY_HIT actor=stock human male fit damage=3 targetHP=273
[Sat Oct  3 18:54:20] PHENOTYPE_GAMEPLAY_HIT actor=stock human male fit damage=5 targetHP=268
[Sat Oct  3 18:54:20] PHENOTYPE_MOTION human male fit step=24 enabled=1
[Sat Oct  3 18:54:20] PHENOTYPE_GAMEPLAY_CAST_REQUEST actor=human male fit wizardLevel=5 armorFailure=5
[Sat Oct  3 18:54:22] PHENOTYPE_MOTION stock human male fit step=25 enabled=1
[Sat Oct  3 18:54:22] PHENOTYPE_GAMEPLAY_STATE actor=stock human male fit step=25 action=4 targetValid=1 targetHP=268 distance=       2.000000000
[Sat Oct  3 18:54:24] PHENOTYPE_GAMEPLAY_SPELL actor=human male fit full armor spell=107
[Sat Oct  3 18:54:25] PHENOTYPE_GAMEPLAY_HIT actor=human male fit full armor damage=5 targetHP=264
[Sat Oct  3 18:54:25] PHENOTYPE_GAMEPLAY_HIT actor=human male fit full armor damage=4 targetHP=260
[Sat Oct  3 18:54:25] PHENOTYPE_GAMEPLAY_HIT actor=human male fit full armor damage=4 targetHP=256
[Sat Oct  3 18:54:25] PHENOTYPE_GAMEPLAY_HIT actor=human male fit full armor damage=5 targetHP=251
[Sat Oct  3 18:54:25] PHENOTYPE_GAMEPLAY_SPELL actor=human male fit spell=107
[Sat Oct  3 18:54:25] PHENOTYPE_GAMEPLAY_HIT actor=human male fit full armor damage=2 targetHP=249
[Sat Oct  3 18:54:25] PHENOTYPE_GAMEPLAY_SPELL actor=stock human male fit spell=107
[Sat Oct  3 18:54:26] PHENOTYPE_GAMEPLAY_HIT actor=human male fit damage=4 targetHP=276
[Sat Oct  3 18:54:26] PHENOTYPE_GAMEPLAY_HIT actor=human male fit damage=4 targetHP=272
[Sat Oct  3 18:54:26] PHENOTYPE_GAMEPLAY_HIT actor=stock human male fit damage=3 targetHP=265
[Sat Oct  3 18:54:26] PHENOTYPE_GAMEPLAY_HIT actor=human male fit damage=5 targetHP=267
[Sat Oct  3 18:54:26] PHENOTYPE_GAMEPLAY_HIT actor=stock human male fit damage=4 targetHP=261
[Sat Oct  3 18:54:26] PHENOTYPE_GAMEPLAY_HIT actor=human male fit damage=3 targetHP=264
[Sat Oct  3 18:54:26] PHENOTYPE_GAMEPLAY_HIT actor=stock human male fit damage=5 targetHP=256
[Sat Oct  3 18:54:26] PHENOTYPE_GAMEPLAY_HIT actor=human male fit damage=2 targetHP=262
[Sat Oct  3 18:54:26] PHENOTYPE_MOTION human male fit full armor step=25 enabled=1
[Sat Oct  3 18:54:26] PHENOTYPE_GAMEPLAY_STATE actor=human male fit full armor step=25 action=4 targetValid=1 targetHP=249 distance=       1.999999642
[Sat Oct  3 18:54:26] PHENOTYPE_GAMEPLAY_HIT actor=stock human male fit damage=3 targetHP=253
[Sat Oct  3 18:54:26] PHENOTYPE_GAMEPLAY_HIT actor=stock human male fit damage=5 targetHP=248
[Sat Oct  3 18:54:27] PHENOTYPE_MOTION human male fit step=25 enabled=1
[Sat Oct  3 18:54:27] PHENOTYPE_GAMEPLAY_STATE actor=human male fit step=25 action=4 targetValid=1 targetHP=262 distance=       2.000000000
[Sat Oct  3 18:54:29] PHENOTYPE_MOTION stock human male fit step=26 enabled=1
[Sat Oct  3 18:54:29] PHENOTYPE_GAMEPLAY_DAMAGE actor=stock human male fit damage=3 hp=107
[Sat Oct  3 18:54:30] PHENOTYPE_GAMEPLAY_SPELL actor=human male fit full armor spell=107
[Sat Oct  3 18:54:31] PHENOTYPE_GAMEPLAY_HIT actor=human male fit full armor damage=4 targetHP=245
[Sat Oct  3 18:54:31] PHENOTYPE_GAMEPLAY_HIT actor=human male fit full armor damage=2 targetHP=243
[Sat Oct  3 18:54:31] PHENOTYPE_GAMEPLAY_HIT actor=human male fit full armor damage=3 targetHP=240
[Sat Oct  3 18:54:31] PHENOTYPE_GAMEPLAY_HIT actor=human male fit full armor damage=5 targetHP=235
[Sat Oct  3 18:54:31] PHENOTYPE_GAMEPLAY_SPELL actor=human male fit spell=107
[Sat Oct  3 18:54:31] PHENOTYPE_GAMEPLAY_HIT actor=human male fit full armor damage=2 targetHP=233
[Sat Oct  3 18:54:32] PHENOTYPE_GAMEPLAY_HIT actor=human male fit damage=2 targetHP=260
[Sat Oct  3 18:54:32] PHENOTYPE_GAMEPLAY_HIT actor=human male fit damage=4 targetHP=256
[Sat Oct  3 18:54:32] PHENOTYPE_GAMEPLAY_HIT actor=human male fit damage=4 targetHP=252
[Sat Oct  3 18:54:32] PHENOTYPE_GAMEPLAY_HIT actor=human male fit damage=2 targetHP=250
[Sat Oct  3 18:54:32] PHENOTYPE_GAMEPLAY_HIT actor=human male fit damage=5 targetHP=245
[Sat Oct  3 18:54:33] PHENOTYPE_MOTION human male fit full armor step=26 enabled=1
[Sat Oct  3 18:54:33] PHENOTYPE_GAMEPLAY_DAMAGE actor=human male fit full armor damage=3 hp=107
[Sat Oct  3 18:54:34] PHENOTYPE_MOTION human male fit step=26 enabled=1
[Sat Oct  3 18:54:34] PHENOTYPE_GAMEPLAY_DAMAGE actor=human male fit damage=3 hp=107
[Sat Oct  3 18:54:35] PHENOTYPE_MOTION stock human male fit step=27 enabled=1
[Sat Oct  3 18:54:39] PHENOTYPE_MOTION human male fit full armor step=27 enabled=1
[Sat Oct  3 18:54:41] PHENOTYPE_MOTION human male fit step=27 enabled=1
[Sat Oct  3 18:54:42] PHENOTYPE_MOTION stock human male fit step=28 enabled=1
[Sat Oct  3 18:54:42] PHENOTYPE_GAMEPLAY_DEATH actor=stock human male fit
[Sat Oct  3 18:54:46] PHENOTYPE_MOTION human male fit full armor step=28 enabled=1
[Sat Oct  3 18:54:46] PHENOTYPE_GAMEPLAY_DEATH actor=human male fit full armor
[Sat Oct  3 18:54:48] PHENOTYPE_MOTION human male fit step=28 enabled=1
[Sat Oct  3 18:54:48] PHENOTYPE_GAMEPLAY_DEATH actor=human male fit
[Sat Oct  3 18:54:57] PHENOTYPE_GAMEPLAY_RESTART actor=stock human male fit dead=0
[Sat Oct  3 18:55:01] PHENOTYPE_GAMEPLAY_RESTART actor=human male fit full armor dead=0
[Sat Oct  3 18:55:02] PHENOTYPE_MOTION stock human male fit step=22 enabled=1
[Sat Oct  3 18:55:02] PHENOTYPE_GAMEPLAY_ATTACK stock human male fit targetValid=1 enemy=1 distance=       2.000000000
[Sat Oct  3 18:55:03] PHENOTYPE_GAMEPLAY_RESTART actor=human male fit dead=0
[Sat Oct  3 18:55:05] PHENOTYPE_GAMEPLAY_HIT actor=stock human male fit damage=4 targetHP=297
[Sat Oct  3 18:55:07] PHENOTYPE_MOTION human male fit full armor step=22 enabled=1
[Sat Oct  3 18:55:07] PHENOTYPE_GAMEPLAY_ATTACK human male fit full armor targetValid=1 enemy=1 distance=       2.000000000
[Sat Oct  3 18:55:07] PHENOTYPE_MOTION human male fit step=22 enabled=1
[Sat Oct  3 18:55:07] PHENOTYPE_GAMEPLAY_ATTACK human male fit targetValid=1 enemy=1 distance=       2.000000000
[Sat Oct  3 18:55:08] PHENOTYPE_GAMEPLAY_HIT actor=human male fit full armor damage=7 targetHP=294
[Sat Oct  3 18:55:08] PHENOTYPE_GAMEPLAY_HIT actor=human male fit damage=1 targetHP=300
[Sat Oct  3 18:55:08] PHENOTYPE_MOTION stock human male fit step=23 enabled=1
[Sat Oct  3 18:55:08] PHENOTYPE_GAMEPLAY_STATE actor=stock human male fit step=23 action=3 targetValid=1 targetHP=297 distance=       2.000000000
[Sat Oct  3 18:55:08] PHENOTYPE_GAMEPLAY_HIT actor=stock human male fit damage=8 targetHP=289
[Sat Oct  3 18:55:10] PHENOTYPE_GAMEPLAY_HIT actor=human male fit damage=3 targetHP=297
[Sat Oct  3 18:55:11] PHENOTYPE_GAMEPLAY_HIT actor=stock human male fit damage=3 targetHP=286
[Sat Oct  3 18:55:13] PHENOTYPE_GAMEPLAY_HIT actor=human male fit full armor damage=6 targetHP=288
[Sat Oct  3 18:55:13] PHENOTYPE_GAMEPLAY_HIT actor=human male fit damage=7 targetHP=290
[Sat Oct  3 18:55:14] PHENOTYPE_MOTION human male fit step=23 enabled=1
[Sat Oct  3 18:55:14] PHENOTYPE_GAMEPLAY_STATE actor=human male fit step=23 action=3 targetValid=1 targetHP=290 distance=       2.000000000
[Sat Oct  3 18:55:14] PHENOTYPE_MOTION human male fit full armor step=23 enabled=1
[Sat Oct  3 18:55:14] PHENOTYPE_GAMEPLAY_STATE actor=human male fit full armor step=23 action=3 targetValid=1 targetHP=288 distance=       2.000000000
[Sat Oct  3 18:55:14] PHENOTYPE_GAMEPLAY_HIT actor=stock human male fit damage=10 targetHP=276
[Sat Oct  3 18:55:15] PHENOTYPE_MOTION stock human male fit step=24 enabled=1
[Sat Oct  3 18:55:15] PHENOTYPE_GAMEPLAY_CAST_REQUEST actor=stock human male fit wizardLevel=5 armorFailure=5
[Sat Oct  3 18:55:16] PHENOTYPE_GAMEPLAY_HIT actor=human male fit damage=5 targetHP=285
[Sat Oct  3 18:55:19] PHENOTYPE_GAMEPLAY_HIT actor=human male fit full armor damage=7 targetHP=281
[Sat Oct  3 18:55:19] PHENOTYPE_GAMEPLAY_HIT actor=human male fit damage=11 targetHP=274
[Sat Oct  3 18:55:19] PHENOTYPE_GAMEPLAY_SPELL actor=stock human male fit spell=107
[Sat Oct  3 18:55:20] PHENOTYPE_GAMEPLAY_HIT actor=stock human male fit damage=4 targetHP=272
[Sat Oct  3 18:55:20] PHENOTYPE_GAMEPLAY_HIT actor=stock human male fit damage=5 targetHP=267
[Sat Oct  3 18:55:20] PHENOTYPE_GAMEPLAY_HIT actor=stock human male fit damage=4 targetHP=263
[Sat Oct  3 18:55:20] PHENOTYPE_GAMEPLAY_HIT actor=stock human male fit damage=3 targetHP=260
[Sat Oct  3 18:55:20] PHENOTYPE_MOTION human male fit step=24 enabled=1
[Sat Oct  3 18:55:20] PHENOTYPE_GAMEPLAY_CAST_REQUEST actor=human male fit wizardLevel=5 armorFailure=5
[Sat Oct  3 18:55:20] PHENOTYPE_GAMEPLAY_HIT actor=stock human male fit damage=3 targetHP=257
[Sat Oct  3 18:55:21] PHENOTYPE_MOTION human male fit full armor step=24 enabled=1
[Sat Oct  3 18:55:21] PHENOTYPE_GAMEPLAY_CAST_REQUEST actor=human male fit full armor wizardLevel=5 armorFailure=15
[Sat Oct  3 18:55:21] PHENOTYPE_GAMEPLAY_HIT actor=human male fit full armor damage=3 targetHP=278
[Sat Oct  3 18:55:22] PHENOTYPE_MOTION stock human male fit step=25 enabled=1
[Sat Oct  3 18:55:22] PHENOTYPE_GAMEPLAY_STATE actor=stock human male fit step=25 action=4 targetValid=1 targetHP=257 distance=       2.000000000
[Sat Oct  3 18:55:24] PHENOTYPE_GAMEPLAY_SPELL actor=human male fit spell=107
[Sat Oct  3 18:55:25] PHENOTYPE_GAMEPLAY_HIT actor=human male fit damage=3 targetHP=271
[Sat Oct  3 18:55:25] PHENOTYPE_GAMEPLAY_HIT actor=human male fit damage=5 targetHP=266
[Sat Oct  3 18:55:25] PHENOTYPE_GAMEPLAY_SPELL actor=human male fit full armor spell=107
[Sat Oct  3 18:55:25] PHENOTYPE_GAMEPLAY_HIT actor=human male fit damage=5 targetHP=261
[Sat Oct  3 18:55:25] PHENOTYPE_GAMEPLAY_HIT actor=human male fit damage=5 targetHP=256
[Sat Oct  3 18:55:25] PHENOTYPE_GAMEPLAY_HIT actor=human male fit damage=2 targetHP=254
[Sat Oct  3 18:55:25] PHENOTYPE_GAMEPLAY_SPELL actor=stock human male fit spell=107
[Sat Oct  3 18:55:26] PHENOTYPE_GAMEPLAY_HIT actor=human male fit full armor damage=2 targetHP=276
[Sat Oct  3 18:55:26] PHENOTYPE_GAMEPLAY_HIT actor=human male fit full armor damage=2 targetHP=274
[Sat Oct  3 18:55:26] PHENOTYPE_GAMEPLAY_HIT actor=human male fit full armor damage=2 targetHP=272
[Sat Oct  3 18:55:26] PHENOTYPE_GAMEPLAY_HIT actor=stock human male fit damage=3 targetHP=254
[Sat Oct  3 18:55:26] PHENOTYPE_GAMEPLAY_HIT actor=human male fit full armor damage=2 targetHP=270
[Sat Oct  3 18:55:26] PHENOTYPE_GAMEPLAY_HIT actor=stock human male fit damage=3 targetHP=251
[Sat Oct  3 18:55:26] PHENOTYPE_GAMEPLAY_HIT actor=human male fit full armor damage=5 targetHP=265
[Sat Oct  3 18:55:26] PHENOTYPE_GAMEPLAY_HIT actor=stock human male fit damage=3 targetHP=248
[Sat Oct  3 18:55:26] PHENOTYPE_GAMEPLAY_HIT actor=stock human male fit damage=5 targetHP=243
[Sat Oct  3 18:55:26] PHENOTYPE_GAMEPLAY_HIT actor=stock human male fit damage=5 targetHP=238
[Sat Oct  3 18:55:27] PHENOTYPE_MOTION human male fit step=25 enabled=1
[Sat Oct  3 18:55:27] PHENOTYPE_GAMEPLAY_STATE actor=human male fit step=25 action=4 targetValid=1 targetHP=254 distance=       2.000000000
[Sat Oct  3 18:55:28] PHENOTYPE_MOTION human male fit full armor step=25 enabled=1
[Sat Oct  3 18:55:28] PHENOTYPE_GAMEPLAY_STATE actor=human male fit full armor step=25 action=4 targetValid=1 targetHP=265 distance=       2.000000000
[Sat Oct  3 18:55:29] PHENOTYPE_MOTION stock human male fit step=26 enabled=1
[Sat Oct  3 18:55:29] PHENOTYPE_GAMEPLAY_DAMAGE actor=stock human male fit damage=3 hp=107
[Sat Oct  3 18:55:30] PHENOTYPE_GAMEPLAY_SPELL actor=human male fit spell=107
[Sat Oct  3 18:55:31] PHENOTYPE_GAMEPLAY_HIT actor=human male fit damage=2 targetHP=252
[Sat Oct  3 18:55:31] PHENOTYPE_GAMEPLAY_HIT actor=human male fit damage=2 targetHP=250
[Sat Oct  3 18:55:31] PHENOTYPE_GAMEPLAY_SPELL actor=human male fit full armor spell=107
[Sat Oct  3 18:55:31] PHENOTYPE_GAMEPLAY_HIT actor=human male fit damage=5 targetHP=245
[Sat Oct  3 18:55:31] PHENOTYPE_GAMEPLAY_HIT actor=human male fit damage=3 targetHP=242
[Sat Oct  3 18:55:31] PHENOTYPE_GAMEPLAY_HIT actor=human male fit damage=4 targetHP=238
[Sat Oct  3 18:55:32] PHENOTYPE_GAMEPLAY_HIT actor=human male fit full armor damage=4 targetHP=261
[Sat Oct  3 18:55:32] PHENOTYPE_GAMEPLAY_HIT actor=human male fit full armor damage=5 targetHP=256
[Sat Oct  3 18:55:32] PHENOTYPE_GAMEPLAY_HIT actor=human male fit full armor damage=2 targetHP=254
[Sat Oct  3 18:55:32] PHENOTYPE_GAMEPLAY_HIT actor=human male fit full armor damage=3 targetHP=251
[Sat Oct  3 18:55:32] PHENOTYPE_GAMEPLAY_HIT actor=human male fit full armor damage=2 targetHP=249
[Sat Oct  3 18:55:34] PHENOTYPE_MOTION human male fit step=26 enabled=1
[Sat Oct  3 18:55:34] PHENOTYPE_GAMEPLAY_DAMAGE actor=human male fit damage=3 hp=107
[Sat Oct  3 18:55:35] PHENOTYPE_MOTION human male fit full armor step=26 enabled=1
[Sat Oct  3 18:55:35] PHENOTYPE_GAMEPLAY_DAMAGE actor=human male fit full armor damage=3 hp=107
[Sat Oct  3 18:55:35] PHENOTYPE_MOTION stock human male fit step=27 enabled=1
[Sat Oct  3 18:55:40] PHENOTYPE_MOTION human male fit step=27 enabled=1
[Sat Oct  3 18:55:41] PHENOTYPE_MOTION human male fit full armor step=27 enabled=1
[Sat Oct  3 18:55:42] PHENOTYPE_MOTION stock human male fit step=28 enabled=1
[Sat Oct  3 18:55:42] PHENOTYPE_GAMEPLAY_DEATH actor=stock human male fit
